id,office,school,department,standard1,standard2,note,sourceSheet,sourceRow
R0001,강원특별자치도 / 교육청,강릉정보공업고등학교,소프트웨어과,정보컴퓨터과,문화콘텐츠과,,강원특별자치도교육청,6
R0002,강원특별자치도 / 교육청,강릉정보공업고등학교,그린자동차과,자동차과,기계과,,강원특별자치도교육청,7
R0003,강원특별자치도 / 교육청,강릉정보공업고등학교,미용디자인과,미용과,,,강원특별자치도교육청,8
R0004,강원특별자치도 / 교육청,강릉정보공업고등학교,조리제빵과,조리·식음료과,식품가공과,,강원특별자치도교육청,9
R0005,강원특별자치도 / 교육청,강릉중앙고등학교,조경과,조경과,산림자원과,,강원특별자치도교육청,10
R0006,강원특별자치도 / 교육청,강릉중앙고등학교,기계과,기계과,산업설비과,,강원특별자치도교육청,11
R0007,강원특별자치도 / 교육청,강릉중앙고등학교,항공기계과,항공과,기계과,,강원특별자치도교육청,12
R0008,강원특별자치도 / 교육청,강릉중앙고등학교,전기과,전기과,전자과,,강원특별자치도교육청,13
R0009,강원특별자치도 / 교육청,강릉중앙고등학교,전자과,전자과,전기과,,강원특별자치도교육청,14
R0010,강원특별자치도 / 교육청,강릉중앙고등학교,건설디자인과,토목과,건축시공과,,강원특별자치도교육청,15
R0011,강원특별자치도 / 교육청,강원생명과학고등학교,스마트팜도시농업과,농업과,원예과,,강원특별자치도교육청,16
R0012,강원특별자치도 / 교육청,강원생명과학고등학교,플라워가드닝과,원예과,,,강원특별자치도교육청,17
R0013,강원특별자치도 / 교육청,강원생명과학고등학교,반려동물케어과,동물자원과,농업과,,강원특별자치도교육청,18
R0014,강원특별자치도 / 교육청,강원생명과학고등학교,카페N디저트과,식품가공과,,,강원특별자치도교육청,19
R0015,강원특별자치도 / 교육청,강원생활과학고등학교,미용예술과,미용과,,,강원특별자치도교육청,20
R0016,강원특별자치도 / 교육청,강원생활과학고등학교,보건간호과,보건간호과,,,강원특별자치도교육청,21
R0017,강원특별자치도 / 교육청,강원애니고등학교,문화콘텐츠과,문화콘텐츠과,,,강원특별자치도교육청,22
R0018,강원특별자치도 / 교육청,거진고등학교,전기전자과,전기과,전자과,,강원특별자치도교육청,23
R0019,강원특별자치도 / 교육청,한국국방과학고등학교 / (김화공업고등학교),전기시스템제어과,전기과,전자과,,강원특별자치도교육청,24
R0020,강원특별자치도 / 교육청,한국국방과학고등학교 / (김화공업고등학교),IT융합과,전자과,전기과,,강원특별자치도교육청,25
R0021,강원특별자치도 / 교육청,한국국방과학고등학교 / (김화공업고등학교),웰빙식품과,식품가공과,조리·식음료과,,강원특별자치도교육청,26
R0022,강원특별자치도 / 교육청,도계전산정보고등학교,경영정보과,경영·사무과,정보컴퓨터과,,강원특별자치도교육청,27
R0023,강원특별자치도 / 교육청,동광산업과학고등학교,자동차산업과,자동차과,기계과,,강원특별자치도교육청,28
R0024,강원특별자치도 / 교육청,동광산업과학고등학교,조리과학과,조리·식음료과,식품가공과,,강원특별자치도교육청,29
R0025,강원특별자치도 / 교육청,동광산업과학고등학교,카페플라워과,식품가공과,농업과,,강원특별자치도교육청,30
R0026,강원특별자치도 / 교육청,동해광희고등학교,경영정보과,경영·사무과,재무·회계과,,강원특별자치도교육청,31
R0027,강원특별자치도 / 교육청,동해상업고등학교,금융회계과,재무·회계과,경영·사무과,,강원특별자치도교육청,32
R0028,강원특별자치도 / 교육청,동해상업고등학교,광고디자인과,디자인과,문화콘텐츠과,,강원특별자치도교육청,33
R0029,강원특별자치도 / 교육청,동해상업고등학교,부사관경영과,경영·사무과,재무·회계과,,강원특별자치도교육청,34
R0030,강원특별자치도 / 교육청,미래고등학교,컴퓨터기계응용과,기계과,항공과,,강원특별자치도교육청,35
R0031,강원특별자치도 / 교육청,미래고등학교,전기과,전기과,전자과,,강원특별자치도교육청,36
R0032,강원특별자치도 / 교육청,미래고등학교,모바일전자과,전자과,정보컴퓨터과,,강원특별자치도교육청,37
R0033,강원특별자치도 / 교육청,미래고등학교,토목과,토목과,건축시공과,,강원특별자치도교육청,38
R0034,강원특별자치도 / 교육청,미래고등학교,건축과,건축시공과,토목과,,강원특별자치도교육청,39
R0035,강원특별자치도 / 교육청,미래고등학교,자동차과,자동차과,기계과,,강원특별자치도교육청,40
R0036,강원특별자치도 / 교육청,미래고등학교,드론전자과,전자과,정보컴퓨터과,,강원특별자치도교육청,41
R0037,강원특별자치도 / 교육청,미래고등학교,뷰티케어과,미용과,,,강원특별자치도교육청,42
R0038,강원특별자치도 / 교육청,상지대관령고등학교,회계정보과,경영·사무과,재무·회계과,,강원특별자치도교육청,43
R0039,강원특별자치도 / 교육청,석정여자고등학교,비지니스정보과,경영·사무과,판매과,,강원특별자치도교육청,44
R0040,강원특별자치도 / 교육청,설악고등학교,회계경영과,재무·회계과,경영·사무과,,강원특별자치도교육청,45
R0041,강원특별자치도 / 교육청,설악고등학교,웹디자인과,문화콘텐츠과,디자인과,,강원특별자치도교육청,46
R0042,강원특별자치도 / 교육청,양양고등학교,경영행정과,경영·사무과,재무·회계과,,강원특별자치도교육청,47
R0043,강원특별자치도 / 교육청,영서고등학교,동물자원과,동물자원과,,,강원특별자치도교육청,48
R0044,강원특별자치도 / 교육청,영서고등학교,산업기계과,농업기계과,농업토목과,,강원특별자치도교육청,49
R0045,강원특별자치도 / 교육청,영서고등학교,조경디자인과,조경과,,,강원특별자치도교육청,50
R0046,강원특별자치도 / 교육청,영서고등학교,생활원예과,원예과,,,강원특별자치도교육청,51
R0047,강원특별자치도 / 교육청,영서고등학교,사무행정과,경영·사무과,재무·회계과,,강원특별자치도교육청,52
R0048,강원특별자치도 / 교육청,영서고등학교,유통경영과,재무·회계과,유통과,,강원특별자치도교육청,53
R0049,강원특별자치도 / 교육청,영서고등학교,골프산업과,조경과,,,강원특별자치도교육청,54
R0050,강원특별자치도 / 교육청,영서고등학교,식품산업과,식품가공과,,,강원특별자치도교육청,55
R0051,강원특별자치도 / 교육청,원주금융회계고등학교,금융회계과,재무·회계과,금융과,,강원특별자치도교육청,56
R0052,강원특별자치도 / 교육청,정선정보공업고등학교,토목과,토목과,건축시공과,,강원특별자치도교육청,57
R0053,강원특별자치도 / 교육청,정선정보공업고등학교,정보처리과,정보컴퓨터과,문화콘텐츠과,,강원특별자치도교육청,58
R0054,강원특별자치도 / 교육청,정선정보공업고등학교,커피베이커리과,조리·식음료과,식품가공과,,강원특별자치도교육청,59
R0055,강원특별자치도 / 교육청,주천고등학교,생명산업자영과,농업과,농업기계과,,강원특별자치도교육청,60
R0056,강원특별자치도 / 교육청,춘천기계공업고등학교,기계과,기계과,자동차과,,강원특별자치도교육청,61
R0057,강원특별자치도 / 교육청,춘천기계공업고등학교,전기과,전기과,전자과,,강원특별자치도교육청,62
R0058,강원특별자치도 / 교육청,춘천기계공업고등학교,산업설비과,산업설비과,금속재료과,,강원특별자치도교육청,63
R0059,강원특별자치도 / 교육청,춘천기계공업고등학교,스마트금형과,기계과,전자과,,강원특별자치도교육청,64
R0060,강원특별자치도 / 교육청,춘천기계공업고등학교,자동차과,자동차과,기계과,,강원특별자치도교육청,65
R0061,강원특별자치도 / 교육청,춘천기계공업고등학교,건축토목과,건축시공과,토목과,,강원특별자치도교육청,66
R0062,강원특별자치도 / 교육청,춘천한샘고등학교,뷰티패션과,미용과,의류과,,강원특별자치도교육청,67
R0063,강원특별자치도 / 교육청,춘천한샘고등학교,조리과,조리·식음료과,식품가공과,,강원특별자치도교육청,68
R0064,강원특별자치도 / 교육청,춘천한샘고등학교,디자인콘텐츠과,디자인과,문화콘텐츠과,,강원특별자치도교육청,69
R0065,강원특별자치도 / 교육청,춘천한샘고등학교,바이오코스메틱과,화학공업과,,,강원특별자치도교육청,70
R0066,강원특별자치도 / 교육청,춘천한샘고등학교,스마트경영과,경영·사무과,판매과,,강원특별자치도교육청,71
R0067,강원특별자치도 / 교육청,춘천한샘고등학교,융합소프트웨어과,정보컴퓨터과,,,강원특별자치도교육청,72
R0068,강원특별자치도 / 교육청,한국항공고등학교,항공정비시스템과,항공과,전기과,,강원특별자치도교육청,73
R0069,강원특별자치도 / 교육청,홍천농업고등학교,원예과,원예과,농업과,,강원특별자치도교육청,74
R0070,강원특별자치도 / 교육청,홍천농업고등학교,동물자원과,동물자원과,농업과,,강원특별자치도교육청,75
R0071,강원특별자치도 / 교육청,화천정보산업고등학교,e스포츠산업과,정보컴퓨터과,전기과,,강원특별자치도교육청,76
R0072,강원특별자치도 / 교육청,화천정보산업고등학교,행정정보과,재무·회계과,경영·사무과,,강원특별자치도교육청,77
R0073,강원특별자치도 / 교육청,황지정보산업고등학교,회계금융과,재무·회계과,금융과,,강원특별자치도교육청,78
R0074,강원특별자치도 / 교육청,황지정보산업고등학교,디지털컨텐츠과,문화콘텐츠과,정보컴퓨터과,,강원특별자치도교육청,79
R0075,강원특별자치도 / 교육청,황지정보산업고등학교,스마트비즈니스과,판매과,재무·회계과,,강원특별자치도교육청,80
R0076,경기도교육청,가온고등학교,디지털미디어과,경영·사무과,재무·회계과,,경기도교육청,6
R0077,경기도교육청,경기경영고등학교,패션코디네이터과,의류과,섬유과,,경기도교육청,7
R0078,경기도교육청,경기경영고등학교,웹툰크리에이터과,디자인과,문화콘텐츠과,,경기도교육청,8
R0079,경기도교육청,경기경영고등학교,콘텐츠크리에이터과,정보컴퓨터과,문화콘텐츠과,,경기도교육청,9
R0080,경기도교육청,경기경영고등학교,조리디저트과,조리·식음료과,식품가공과,,경기도교육청,10
R0081,경기도교육청,경기경영고등학교,뷰티미용과,미용과,,,경기도교육청,11
R0082,경기도교육청,경기관광고등학교,항공호텔서비스과,관광·레저과,경영·사무과,,경기도교육청,12
R0083,경기도교육청,경기관광고등학교,관광경영과,경영·사무과,관광·레저과,,경기도교육청,13
R0084,경기도교육청,경기관광고등학교,호텔조리과,조리·식음료과,식품가공과,,경기도교육청,14
R0085,경기도교육청,경기관광고등학교,카페베이커리과,조리·식음료과,식품가공과,,경기도교육청,15
R0086,경기도교육청,경기국제통상고등학교,스마트물류플랫폼과,경영·사무과,재무·회계과,,경기도교육청,16
R0087,경기도교육청,경기국제통상고등학교,스마트경영과,경영·사무과,정보컴퓨터과,,경기도교육청,17
R0088,경기도교육청,경기국제통상고등학교,국제관광경영과,관광·레저과,경영·사무과,,경기도교육청,18
R0089,경기도교육청,경기국제통상고등학교,국제회계정보과,재무·회계과,경영·사무과,,경기도교육청,19
R0090,경기도교육청,경기모바일과학고등학교,행정사무과,경영·사무과,재무·회계과,,경기도교육청,20
R0091,경기도교육청,경기모바일과학고등학교,모바일IT과,정보컴퓨터과,문화콘텐츠과,,경기도교육청,21
R0092,경기도교육청,경기모바일과학고등학교,시각미디어디자인과,디자인과,문화콘텐츠과,,경기도교육청,22
R0093,경기도교육청,경기모바일과학고등학교,크리에이터창업과,경영·사무과,문화콘텐츠과,,경기도교육청,23
R0094,경기도교육청,경기물류고등학교,국제물류과,유통과,경영·사무과,,경기도교육청,24
R0095,경기도교육청,경기물류고등학교,국제경영과,경영·사무과,재무·회계과,,경기도교육청,25
R0096,경기도교육청,경기물류고등학교,융합소프트웨어과,정보컴퓨터과,방송·통신과,,경기도교육청,26
R0097,경기도교육청,경기스마트고등학교,컴퓨터응용기계과,기계과,자동차과,,경기도교육청,27
R0098,경기도교육청,경기스마트고등학교,기계산업설계과,기계과,산업설비과,,경기도교육청,28
R0099,경기도교육청,경기스마트고등학교,스마트전기과,전기과,전자과,,경기도교육청,29
R0100,경기도교육청,경기스마트고등학교,뷰티아트과,미용과,관광·레저과,,경기도교육청,30
R0101,경기도교육청,경기영상과학고등학교,방송영상연출과,문화콘텐츠과,방송·통신과,,경기도교육청,31
R0102,경기도교육청,경기영상과학고등학교,방송촬영조명과,문화콘텐츠과,전기과,,경기도교육청,32
R0103,경기도교육청,경기영상과학고등학교,영상커뮤니케이션과,문화콘텐츠과,정보컴퓨터과,,경기도교육청,33
R0104,경기도교육청,경기영상과학고등학교,방송미디어과,문화콘텐츠과,전자과,,경기도교육청,34
R0105,경기도교육청,경기영상과학고등학교,공간연출디자인과,건축시공과,디자인과,,경기도교육청,35
R0106,경기도교육청,경기자동차과학고등학교,자동차과,자동차과,기계과,,경기도교육청,36
R0107,경기도교육청,경기자동차과학고등학교,미래자동차과,정보컴퓨터과,자동차과,,경기도교육청,37
R0108,경기도교육청,경기자동차과학고등학교,자동차디자인과,디자인과,자동차과,,경기도교육청,38
R0109,경기도교육청,경기폴리텍고등학교,디자인모터스과,기계과,자동차과,,경기도교육청,39
R0110,경기도교육청,경기폴리텍고등학교,신에너지전기과,전기과,전자과,,경기도교육청,40
R0111,경기도교육청,경기폴리텍고등학교,화장품과학과,화학공업과,,,경기도교육청,41
R0112,경기도교육청,경기폴리텍고등학교,친환경건축과,건축시공과,토목과,,경기도교육청,42
R0113,경기도교육청,경기폴리텍고등학교,보건간호과,보건간호과,,,경기도교육청,43
R0114,경기도교육청,경기항공고등학교,항공전기전자과,항공과,전자과,,경기도교육청,44
R0115,경기도교육청,경기항공고등학교,항공영상미디어과,문화콘텐츠과,전자과,,경기도교육청,45
R0116,경기도교육청,경기항공고등학교,로봇자동화과,전자과,전기과,,경기도교육청,46
R0117,경기도교육청,경기항공고등학교,인테리어리모델링과,건축시공과,토목과,,경기도교육청,47
R0118,경기도교육청,경민IT고등학교,디자인과,디자인과,문화콘텐츠과,,경기도교육청,48
R0119,경기도교육청,경민IT고등학교,디지털미디어과,문화콘텐츠과,정보컴퓨터과,,경기도교육청,49
R0120,경기도교육청,경민IT고등학교,의료정보시스템과,보건간호과,정보컴퓨터과,,경기도교육청,50
R0121,경기도교육청,경민IT고등학교,정보통신과,방송·통신과,정보컴퓨터과,,경기도교육청,51
R0122,경기도교육청,경민비즈니스고등학교,관광비즈니스과,경영·사무과,관광·레저과,,경기도교육청,52
R0123,경기도교육청,경민비즈니스고등학교,온라인창업마케팅과,경영·사무과,재무·회계과,,경기도교육청,53
R0124,경기도교육청,경민비즈니스고등학교,복지비즈니스과,경영·사무과,사회복지과,,경기도교육청,54
R0125,경기도교육청,경민비즈니스고등학교,뷰티케어과,미용과,,,경기도교육청,55
R0126,경기도교육청,경일고등학교 / (경일관광경영고등학교),관광외식조리과,조리·식음료과,관광·레저과,,경기도교육청,56
R0127,경기도교육청,경일고등학교 / (경일관광경영고등학교),관광운항과,경영·사무과,관광·레저과,,경기도교육청,57
R0128,경기도교육청,경일고등학교 / (경일관광경영고등학교),관광레저과,경영·사무과,관광·레저과,,경기도교육청,58
R0129,경기도교육청,경일고등학교 / (경일관광경영고등학교),금융정보과,경영·사무과,금융과,,경기도교육청,59
R0130,경기도교육청,경일고등학교 / (경일관광경영고등학교),세무회계과,경영·사무과,재무·회계과,,경기도교육청,60
R0131,경기도교육청,경일고등학교 / (경일관광경영고등학교),3D융합크리에이터과,문화콘텐츠과,전자과,,경기도교육청,61
R0132,경기도교육청,경일고등학교 / (경일관광경영고등학교),공공행정과,경영·사무과,재무·회계과,,경기도교육청,62
R0133,경기도교육청,경화여자English Business고등학교,공공행정사무과,경영사무과,재무회계과,,경기도교육청,63
R0134,경기도교육청,경화여자English Business고등학교,비즈니스영어과,경영사무과,재무회계과,,경기도교육청,64
R0135,경기도교육청,경화여자English Business고등학교,창업마케팅과,경영사무과,유통과,,경기도교육청,65
R0136,경기도교육청,고양고등학교,도시조경디자인과,조경과,원예과,,경기도교육청,66
R0137,경기도교육청,고양고등학교,외식식품가공과,식품가공과,조리·식음료과,,경기도교육청,67
R0138,경기도교육청,고양고등학교,반려동물관리과,동물자원과,농업과,,경기도교육청,68
R0139,경기도교육청,고양고등학교,전기전자과,전기과,전자과,,경기도교육청,69
R0140,경기도교육청,곤지암고등학교,SW미디어과,정보컴퓨터과,문화콘텐츠과,,경기도교육청,70
R0141,경기도교육청,곤지암고등학교,서비스경영과,경영·사무과,재무·회계과,,경기도교육청,71
R0142,경기도교육청,광주중앙고등학교,농업유통정보과,농업과,정보컴퓨터과,,경기도교육청,72
R0143,경기도교육청,광주중앙고등학교,외식식품가공과,식품가공과,조리·식음료과,,경기도교육청,73
R0144,경기도교육청,광주중앙고등학교,조경시스템과,조경과,농업과,,경기도교육청,74
R0145,경기도교육청,광주중앙고등학교,산업기계과,농업기계과,기계과,,경기도교육청,75
R0146,경기도교육청,광탄고등학교,부사관과,정보컴퓨터과,경영·사무과,,경기도교육청,76
R0147,경기도교육청,군자디지털과학고등학교,디지털바이오화학과,화학공업과,환경보건과,,경기도교육청,77
R0148,경기도교육청,군자디지털과학고등학교,디지털전자과,전자과,정보컴퓨터과,,경기도교육청,78
R0149,경기도교육청,군자디지털과학고등학교,디지털전기과,전기과,전자과,,경기도교육청,79
R0150,경기도교육청,군자디지털과학고등학교,디지털섬유과,섬유과,디자인과,,경기도교육청,80
R0151,경기도교육청,군자디지털과학고등학교,패션스타일리스트과,의류과,디자인과,,경기도교육청,81
R0152,경기도교육청,군포e비즈니스고등학교,디저트경영과,경영·사무과,조리·식음료과,,경기도교육청,82
R0153,경기도교육청,군포e비즈니스고등학교,마케팅과,경영·사무과,판매과,,경기도교육청,83
R0154,경기도교육청,군포e비즈니스고등학교,스마트소프트웨어과,정보컴퓨터과,문화콘텐츠과,,경기도교육청,84
R0155,경기도교육청,군포e비즈니스고등학교,SNS콘텐츠과,정보컴퓨터과,문화콘텐츠과,,경기도교육청,85
R0156,경기도교육청,군포e비즈니스고등학교,그래픽디자인과,디자인과,경영·사무과,,경기도교육청,86
R0157,경기도교육청,군포e비즈니스고등학교,뷰티케어과,미용과,경영·사무과,,경기도교육청,87
R0158,경기도교육청,근명고등학교,마케팅경영과,경영·사무과,재무·회계과,,경기도교육청,88
R0159,경기도교육청,근명고등학교,베이커리카페과,조리·식음료과,식품가공과,,경기도교육청,89
R0160,경기도교육청,근명고등학교,패션산업디자인과,의류과,디자인과,,경기도교육청,90
R0161,경기도교육청,근명고등학교,앱서비스과,정보컴퓨터과,문화콘텐츠과,,경기도교육청,91
R0162,경기도교육청,금곡고등학교,회계금융과,재무·회계과,금융과,,경기도교육청,92
R0163,경기도교육청,금곡고등학교,글로벌경영과,경영·사무과,재무·회계과,,경기도교육청,93
R0164,경기도교육청,금곡고등학교,컴퓨터소프트웨어과,정보컴퓨터과,문화콘텐츠과,,경기도교육청,94
R0165,경기도교육청,금곡고등학교,제과제빵과,식품가공과,조리·식음료과,,경기도교육청,95
R0166,경기도교육청,금곡고등학교,E-비즈니스과,유통과,판매과,,경기도교육청,96
R0167,경기도교육청,김포과학기술고등학교 / (김포제일공업고등학교),스마트융합기계과,기계과,,,경기도교육청,97
R0168,경기도교육청,김포과학기술고등학교 / (김포제일공업고등학교),전기에너지설비과,전기과,전자과,,경기도교육청,98
R0169,경기도교육청,김포과학기술고등학교 / (김포제일공업고등학교),화장품화학과,화학공업과,,,경기도교육청,99
R0170,경기도교육청,김포과학기술고등학교 / (김포제일공업고등학교),IT전자과,전자과,정보컴퓨터과,,경기도교육청,100
R0171,경기도교육청,남양고등학교,관광경영과,경영·사무과,관광·레저과,,경기도교육청,101
R0172,경기도교육청,남양주고등학교 / (남양주공업고등학교),스마트건설과,토목과,건축시공과,,경기도교육청,102
R0173,경기도교육청,남양주고등학교 / (남양주공업고등학교),건축인테리어과,건축시공과,토목과,,경기도교육청,103
R0174,경기도교육청,남양주고등학교 / (남양주공업고등학교),스마트전기전자과,전기과,전자과,,경기도교육청,104
R0175,경기도교육청,남양주고등학교 / (남양주공업고등학교),스마트소프트웨어과,정보컴퓨터과,문화콘텐츠과,,경기도교육청,105
R0176,경기도교육청,남양주고등학교 / (남양주공업고등학교),뷰티미용과,미용과,,,경기도교육청,106
R0177,경기도교육청,다산고등학교,보건간호과,보건간호과,,,경기도교육청,107
R0178,경기도교육청,다산고등학교,의료정보과,정보컴퓨터과,방송·통신과,,경기도교육청,108
R0179,경기도교육청,덕영고등학교,경영회계과,경영·사무과,재무·회계과,,경기도교육청,109
R0180,경기도교육청,덕영고등학교,보건간호과,보건간호과,사회복지과,,경기도교육청,110
R0181,경기도교육청,덕영고등학교,빅데이터과,정보컴퓨터과,경영·사무과,,경기도교육청,111
R0182,경기도교육청,덕영고등학교,인공지능소프트웨어과,정보컴퓨터과,문화콘텐츠과,,경기도교육청,112
R0183,경기도교육청,덕영고등학교,정보보안소프트웨어과,정보컴퓨터과,문화콘텐츠과,,경기도교육청,113
R0184,경기도교육청,동두천중앙고등학교,신재생에너지과,전기과,전자과,,경기도교육청,114
R0185,경기도교육청,동두천중앙고등학교,스마트로봇과,전자과,정보컴퓨터과,,경기도교육청,115
R0186,경기도교육청,동일공업고등학교,디지털전자제어과,전자과,전기과,,경기도교육청,116
R0187,경기도교육청,동일공업고등학교,컴퓨터미디어보안과,방송·통신과,정보컴퓨터과,,경기도교육청,117
R0188,경기도교육청,동일공업고등학교,지형공간디자인과,토목과,건축시공과,,경기도교육청,118
R0189,경기도교육청,동일공업고등학교,콘텐츠창작과,디자인과,문화콘텐츠과,,경기도교육청,119
R0190,경기도교육청,동일공업고등학교,에너지시스템과,기계과,냉동공조과,,경기도교육청,120
R0191,경기도교육청,동일공업고등학교,미래자동차과,기계과,자동차과,,경기도교육청,121
R0192,경기도교육청,두원공업고등학교,초정밀기계과,기계과,,,경기도교육청,122
R0193,경기도교육청,두원공업고등학교,자동화시스템과,기계과,,,경기도교육청,123
R0194,경기도교육청,두원공업고등학교,전기전자과,전기과,전자과,,경기도교육청,124
R0195,경기도교육청,두원공업고등학교,디지털산업디자인과,디자인과,건축시공과,,경기도교육청,125
R0196,경기도교육청,마장고등학교,마케팅경영과,경영·사무과,판매과,,경기도교육청,126
R0197,경기도교육청,마장고등학교,외식경영과,조리·식음료과,경영·사무과,,경기도교육청,127
R0198,경기도교육청,매향여자정보고등학교,회계금융비즈니스과,재무·회계과,경영·사무과,,경기도교육청,128
R0199,경기도교육청,매향여자정보고등학교,호텔관관비즈니스과,관광·레저과,경영·사무과,,경기도교육청,129
R0200,경기도교육청,매향여자정보고등학교,공공사무행정과,재무·회계과,경영·사무과,,경기도교육청,130
R0201,경기도교육청,매향여자정보고등학교,소셜미디어콘텐츠과,문화콘텐츠과,정보컴퓨터과,,경기도교육청,131
R0202,경기도교육청,매향여자정보고등학교,보건간호과,보건간호과,사회복지과,,경기도교육청,132
R0203,경기도교육청,문산수억고등학교,금융자산운용과,경영·사무과,금융과,,경기도교육청,133
R0204,경기도교육청,문산수억고등학교,출판미디어과,인쇄·출판과,문화콘텐츠과,,경기도교육청,134
R0205,경기도교육청,문산제일고등학교,조경원예과,원예과,조경과,,경기도교육청,135
R0206,경기도교육청,문산제일고등학교,식품가공과,조리·식음료과,식품가공과,,경기도교육청,136
R0207,경기도교육청,발안바이오과학고등학교,바이오식품과학과,식품가공과,조리·식음료과,,경기도교육청,137
R0208,경기도교육청,발안바이오과학고등학교,외식산업과,식품가공과,조리·식음료과,,경기도교육청,138
R0209,경기도교육청,발안바이오과학고등학교,푸드스타일링과,식품가공과,조리·식음료과,,경기도교육청,139
R0210,경기도교육청,발안바이오과학고등학교,레저동물산업과,동물자원과,농업과,,경기도교육청,140
R0211,경기도교육청,백암고등학교,회계사무과,경영·사무과,재무·회계과,,경기도교육청,141
R0212,경기도교육청,부원고등학교,반도체전자과,전자과,전기과,,경기도교육청,142
R0213,경기도교육청,부원고등학교,3D디자인과,디자인과,전자과,,경기도교육청,143
R0214,경기도교육청,부천공업고등학교,IT전자통신과,전자과,정보컴퓨터과,,경기도교육청,144
R0215,경기도교육청,부천공업고등학교,에너지전기과,전기과,전자과,,경기도교육청,145
R0216,경기도교육청,부천공업고등학교,뷰티화장품과,화학공업과,,,경기도교육청,146
R0217,경기도교육청,부천공업고등학교,인테리어디자인과,건축시공과,디자인과,,경기도교육청,147
R0218,경기도교육청,부천공업고등학교,IT융합기계과,기계과,,,경기도교육청,148
R0219,경기도교육청,부천공업고등학교,인공지능자동차과,자동차과,기계과,,경기도교육청,149
R0220,경기도교육청,부천정보산업고등학교,인플루언서경영과,재무·회계과,경영·사무과,,경기도교육청,150
R0221,경기도교육청,부천정보산업고등학교,AI영상콘텐츠과,정보컴퓨터과,문화콘텐츠과,,경기도교육청,151
R0222,경기도교육청,부천정보산업고등학교,호텔외식관광과,관광·레저과,경영·사무과,,경기도교육청,152
R0223,경기도교육청,부천정보산업고등학교,시각&모션디자인과,디자인과,경영·사무과,,경기도교육청,153
R0224,경기도교육청,분당경영고등학교,회계금융과,재무·회계과,미용과,,경기도교육청,154
R0225,경기도교육청,분당경영고등학교,스마트경영과,경영·사무과,재무·회계과,,경기도교육청,155
R0226,경기도교육청,분당경영고등학교,IT소프트웨어과,정보컴퓨터과,문화콘텐츠과,,경기도교육청,156
R0227,경기도교육청,분당경영고등학교,그래픽디자인과,디자인과,문화콘텐츠과,,경기도교육청,157
R0228,경기도교육청,분당경영고등학교,스마트호텔관광과,관광·레저과,조리·식음료과,,경기도교육청,158
R0229,경기도교육청,분당아람고등학교,베이커리경영과,식품가공과,경영·사무과,,경기도교육청,159
R0230,경기도교육청,분당아람고등학교,경영사무과,경영·사무과,정보컴퓨터과,,경기도교육청,160
R0231,경기도교육청,분당아람고등학교,스마트소프트웨어과,정보컴퓨터과,문화콘텐츠과,,경기도교육청,161
R0232,경기도교육청,분당아람고등학교,커뮤니케이션디자인과,디자인과,문화콘텐츠과,,경기도교육청,162
R0233,경기도교육청,분당아람고등학교,관광외식경영과,관광·레저과,경영·사무과,,경기도교육청,163
R0234,경기도교육청,분당아람고등학교,K_FOOD 디자인과,조리·식음료과,식품가공과,,경기도교육청,164
R0235,경기도교육청,비봉고등학교,IT경영과,경영·사무과,경영·사무과,,경기도교육청,165
R0236,경기도교육청,비봉고등학교,서비스마케팅과,경영·사무과,경영·사무과,,경기도교육청,166
R0237,경기도교육청,비봉고등학교,웹툰조형과,디자인과,문화콘텐츠과,,경기도교육청,167
R0238,경기도교육청,비봉고등학교,콘텐츠디자인과,디자인과,문화콘텐츠과,,경기도교육청,168
R0239,경기도교육청,삼일고등학교,ERP스마트경영과,경영·사무과,재무·회계과,,경기도교육청,169
R0240,경기도교육청,삼일고등학교,플랫폼비즈니스경영과,경영·사무과,관광·레저과,,경기도교육청,170
R0241,경기도교육청,삼일고등학교,IT메이커스경영과,정보컴퓨터과,문화콘텐츠과,,경기도교육청,171
R0242,경기도교육청,삼일고등학교,외식경영과,식품가공과,조리·식음료과,,경기도교육청,172
R0243,경기도교육청,삼일공업고등학교,화학공업과,화학공업과,환경보건과,,경기도교육청,173
R0244,경기도교육청,삼일공업고등학교,로봇설계과,기계과,,,경기도교육청,174
R0245,경기도교육청,삼일공업고등학교,소방전기과,전기과,전자과,,경기도교육청,175
R0246,경기도교육청,삼일공업고등학교,전자과,전자과,전기과,,경기도교육청,176
R0247,경기도교육청,삼일공업고등학교,환경과,환경보건과,산업안전과,,경기도교육청,177
R0248,경기도교육청,삼일공업고등학교,사물인터넷과,정보컴퓨터과,방송·통신과,,경기도교육청,178
R0249,경기도교육청,삼일공업고등학교,3D융합콘텐츠과,전자과,정보컴퓨터과,,경기도교육청,179
R0250,경기도교육청,삼일공업고등학교,경찰사무행정과,경영·사무과,방송·통신과,,경기도교육청,180
R0251,경기도교육청,삼일공업고등학교,레저스포츠과,관광·레저과,해양레저과,,경기도교육청,181
R0252,경기도교육청,삼일공업고등학교,반도체계약학과,전자과,전기과,,경기도교육청,182
R0253,경기도교육청,성남테크노과학고등학교,자동화기계과,기계과,산업설비과,,경기도교육청,183
R0254,경기도교육청,성남테크노과학고등학교,건축디자인과,건축시공과,디자인과,,경기도교육청,184
R0255,경기도교육청,성남테크노과학고등학교,스마트전기전자과,전기과,전자과,,경기도교육청,185
R0256,경기도교육청,성남테크노과학고등학교,영상제작과,디자인과,문화콘텐츠과,,경기도교육청,186
R0257,경기도교육청,성남테크노과학고등학교,정보보안과,방송·통신과,정보컴퓨터과,,경기도교육청,187
R0258,경기도교육청,성보경영고등학교,세무행정과,경영·사무과,재무·회계과,,경기도교육청,188
R0259,경기도교육청,성보경영고등학교,펫매니지먼트과,동물자원과,경영·사무과,,경기도교육청,189
R0260,경기도교육청,성보경영고등학교,보건간호과,보건간호과,사회복지과,,경기도교육청,190
R0261,경기도교육청,성보경영고등학교,외식조리경영과,조리·식음료과,식품가공과,,경기도교육청,191
R0262,경기도교육청,성보경영고등학교,관광레저경영과,관광·레저과,경영·사무과,,경기도교육청,192
R0263,경기도교육청,성보경영고등학교,비주얼디자인과,디자인과,문화콘텐츠과,,경기도교육청,193
R0264,경기도교육청,성보경영고등학교,제과제빵과,조리·식음료과,식품가공과,,경기도교육청,194
R0265,경기도교육청,성일정보고등학교,뷰티디자인과,미용과,,,경기도교육청,195
R0266,경기도교육청,성일정보고등학교,부사관과,경영·사무과,정보컴퓨터과,,경기도교육청,196
R0267,경기도교육청,성일정보고등학교,금융경영과,경영·사무과,금융과,,경기도교육청,197
R0268,경기도교육청,성일정보고등학교,회계정보과,경영·사무과,재무·회계과,,경기도교육청,198
R0269,경기도교육청,성일정보고등학교,창업마케팅과,유통과,판매과,,경기도교육청,199
R0270,경기도교육청,성일정보고등학교,스마트웹콘텐츠과,디자인과,문화콘텐츠과,,경기도교육청,200
R0271,경기도교육청,성일정보고등학교,소프트웨어개발과,방송·통신과,정보컴퓨터과,,경기도교육청,201
R0272,경기도교육청,세경고등학교,보건간호과,보건간호과,환경보건과,,경기도교육청,202
R0273,경기도교육청,세경고등학교,크리에이티브미디어디자인과,디자인과,문화콘텐츠과,,경기도교육청,203
R0274,경기도교육청,세경고등학교,인공지능반도체과,전자과,화학공업과,,경기도교육청,204
R0275,경기도교육청,세경고등학교,3D건축인테리어과,건축시공과,토목과,,경기도교육청,205
R0276,경기도교육청,세경고등학교,항공전자과,기계과,전자과,,경기도교육청,206
R0277,경기도교육청,세경고등학교,미래자동차과,자동차과,기계과,,경기도교육청,207
R0278,경기도교육청,수원공업고등학교,스마트건설정보과,토목과,건축시공과,,경기도교육청,208
R0279,경기도교육청,수원공업고등학교,건축디자인과,건축시공과,,,경기도교육청,209
R0280,경기도교육청,수원공업고등학교,전기융합제어과,전기과,전자과,,경기도교육청,210
R0281,경기도교육청,수원공업고등학교,자동차과,자동차과,,,경기도교육청,211
R0282,경기도교육청,수원공업고등학교,스마트기계과,기계과,,,경기도교육청,212
R0283,경기도교육청,수원공업고등학교,전자통신과,전자과,방송통신과,,경기도교육청,213
R0284,경기도교육청,수원공업고등학교,융합소프트웨어과,정보컴퓨터과,,,경기도교육청,214
R0285,경기도교육청,수원공업고등학교,정보네트워크과,전자과,방송통신과,,경기도교육청,215
R0286,경기도교육청,수원농생명과학고등학교,생물자원과학과,농업과,조경과,,경기도교육청,216
R0287,경기도교육청,수원농생명과학고등학교,식품생명과학과,식품가공과,조리·식음료과,,경기도교육청,217
R0288,경기도교육청,수원농생명과학고등학교,바이오시스템과,농업기계과,기계과,,경기도교육청,218
R0289,경기도교육청,수원농생명과학고등학교,반려동물과,동물자원과,농업과,,경기도교육청,219
R0290,경기도교육청,수원정보과학고등학교,AI융합전자과,전자과,전기과,,경기도교육청,220
R0291,경기도교육청,수원정보과학고등학교,스마트자동화과,전기과,기계과,,경기도교육청,221
R0292,경기도교육청,수원정보과학고등학교,디자인콘텐츠과,디자인과,문화콘텐츠과,,경기도교육청,222
R0293,경기도교육청,수원정보과학고등학교,IT소프트웨어과,정보컴퓨터과,문화콘텐츠과,,경기도교육청,223
R0294,경기도교육청,신일비즈니스고등학교,스마트IT경영과,경영·사무과,정보컴퓨터과,,경기도교육청,224
R0295,경기도교육청,신일비즈니스고등학교,스토어기획과,판매과,경영·사무과,,경기도교육청,225
R0296,경기도교육청,신일비즈니스고등학교,시각디자인과,디자인과,문화콘텐츠과,,경기도교육청,226
R0297,경기도교육청,신일비즈니스고등학교,모션그래픽디자인과,디자인과,문화콘텐츠과,,경기도교육청,227
R0298,경기도교육청,신일비즈니스고등학교,보건간호과,보건간호과,사회복지과,,경기도교육청,228
R0299,경기도교육청,안산국제비즈니스고등학교,경영사무과,경영·사무과,재무·회계과,,경기도교육청,229
R0300,경기도교육청,안산국제비즈니스고등학교,쇼핑몰제작과,유통과,경영·사무과,,경기도교육청,230
R0301,경기도교육청,안산국제비즈니스고등학교,비즈니스콘텐츠과,문화콘텐츠과,경영·사무과,,경기도교육청,231
R0302,경기도교육청,안산국제비즈니스고등학교,비즈니스중국어과,관광·레저과,경영·사무과,,경기도교육청,232
R0303,경기도교육청,안산국제비즈니스고등학교,비즈니스일본어과,관광·레저과,경영·사무과,,경기도교육청,233
R0304,경기도교육청,안산국제비즈니스고등학교,부사관과,정보컴퓨터과,경영·사무과,,경기도교육청,234
R0305,경기도교육청,안산국제비즈니스고등학교,미용과,미용과,,,경기도교육청,235
R0306,경기도교육청,안산국제비즈니스고등학교,보건간호과,보건간호과,사회복지과,,경기도교육청,236
R0307,경기도교육청,안산국제비즈니스고등학교,베이커리카페과,식품가공과,조리·식음료과,,경기도교육청,237
R0308,경기도교육청,안산공업고등학교,기계과,기계과,산업설비과,,경기도교육청,238
R0309,경기도교육청,안산공업고등학교,전기과,전기과,전자과,,경기도교육청,239
R0310,경기도교육청,안산공업고등학교,전자과,전자과,전기과,,경기도교육청,240
R0311,경기도교육청,안산공업고등학교,화학공업과,화학공업과,환경보건과,,경기도교육청,241
R0312,경기도교육청,안산공업고등학교,디자인과,디자인과,문화콘텐츠과,,경기도교육청,242
R0313,경기도교육청,안산공업고등학교,컴퓨터과,정보컴퓨터과,방송·통신과,,경기도교육청,243
R0314,경기도교육청,안산디자인문화고등학교,미디어콘텐츠과,정보컴퓨터과,문화콘텐츠과,,경기도교육청,244
R0315,경기도교육청,안산디자인문화고등학교,스마트경영과,재무·회계과,경영·사무과,,경기도교육청,245
R0316,경기도교육청,안산디자인문화고등학교,공연콘텐츠과,경영·사무과,문화콘텐츠과,,경기도교육청,246
R0317,경기도교육청,안산디자인문화고등학교,시각디자인과,디자인과,문화콘텐츠과,,경기도교육청,247
R0318,경기도교육청,안산디자인문화고등학교,패션디자인과,의류과,경영·사무과,,경기도교육청,248
R0319,경기도교육청,안양공업고등학교,패션소재디자인과,섬유과,디자인과,,경기도교육청,249
R0320,경기도교육청,안양공업고등학교,화학공업과,화학공업과,환경보건과,,경기도교육청,250
R0321,경기도교육청,안양공업고등학교,드론부사관과,기계과,전자과,,경기도교육청,251
R0322,경기도교육청,안양공업고등학교,전기제어시스템과,전기과,전자과,,경기도교육청,252
R0323,경기도교육청,안양공업고등학교,스마트팩토리기계과,기계과,냉동공조과,,경기도교육청,253
R0324,경기도교육청,안양공업고등학교,3D건축디자인과,토목과,건축시공과,,경기도교육청,254
R0325,경기도교육청,안양공업고등학교,건설기술행정과,토목과,건축시공과,,경기도교육청,255
R0326,경기도교육청,안양공업고등학교,XR융합응용학과,정보컴퓨터과,문화콘텐츠과,,경기도교육청,256
R0327,경기도교육청,안양공업고등학교,반도체CS엔지니어과,전자과,화학공업과,,경기도교육청,257
R0328,경기도교육청,안양문화고등학교,관광비즈니스과,관광·레저과,경영·사무과,,경기도교육청,258
R0329,경기도교육청,안양문화고등학교,엔터테인먼트비즈니스과,문화콘텐츠과,미용과,,경기도교육청,259
R0330,경기도교육청,안양문화고등학교,보건간호과,보건간호과,사회복지과,,경기도교육청,260
R0331,경기도교육청,안양문화고등학교,금융경영과,경영·사무과,재무·회계과,,경기도교육청,261
R0332,경기도교육청,안양문화고등학교,웹툰메이커스과,디자인과,문화콘텐츠과,,경기도교육청,262
R0333,경기도교육청,안중고등학교,자동차과,자동차과,기계과,,경기도교육청,263
R0334,경기도교육청,안중고등학교,전자과,전자과,전기과,,경기도교육청,264
R0335,경기도교육청,양동고등학교,미용예술과,미용과,미용과,,경기도교육청,265
R0336,경기도교육청,양동고등학교,호텔조리과,조리·식음료과,조리·식음료과,,경기도교육청,266
R0337,경기도교육청,양영디지털고등학교,스마트전자과,전자과,전기과,,경기도교육청,267
R0338,경기도교육청,양영디지털고등학교,정보통신과,방송·통신과,전자과,,경기도교육청,268
R0339,경기도교육청,양영디지털고등학교,소프트웨어개발과,정보컴퓨터과,방송·통신과,,경기도교육청,269
R0340,경기도교육청,양영디지털고등학교,바이오화학과,화학공업과,환경보건과,,경기도교육청,270
R0341,경기도교육청,양영디지털고등학교,생명정보과,화학공업과,환경보건과,,경기도교육청,271
R0342,경기도교육청,양평고등학교,식품과학과,식품가공과,조리·식음료과,,경기도교육청,272
R0343,경기도교육청,양평고등학교,바이오식품과,식품가공과,조리·식음료과,,경기도교육청,273
R0344,경기도교육청,양평전자과학고등학교,전기제어과,전기과,전자과,,경기도교육청,274
R0345,경기도교육청,양평전자과학고등학교,전자정보과,전자과,전기과,,경기도교육청,275
R0346,경기도교육청,여주자영농업고등학교,스마트팜과,농업과,원예과,,경기도교육청,276
R0347,경기도교육청,여주자영농업고등학교,동물자원과,동물자원과,농업과,,경기도교육청,277
R0348,경기도교육청,여주자영농업고등학교,식품가공과,식품가공과,조리·식음료과,,경기도교육청,278
R0349,경기도교육청,여주자영농업고등학교,산림조경과,산림자원과,조경과,,경기도교육청,279
R0350,경기도교육청,여주제일고등학교,비즈니스콘텐츠과,판매과,문화콘텐츠과,,경기도교육청,280
R0351,경기도교육청,연천고등학교,스마트팜산업과,농업과,농업기계과,,경기도교육청,281
R0352,경기도교육청,영북고등학교,부사관과,경영·사무과,정보컴퓨터과,,경기도교육청,282
R0353,경기도교육청,영북고등학교,드론과,전자과,전기과,,경기도교육청,283
R0354,경기도교육청,오산정보고등학교,지식재산경영과,경영·사무과,재무·회계과,,경기도교육청,284
R0355,경기도교육청,오산정보고등학교,자산관리과,재무·회계과,경영·사무과,,경기도교육청,285
R0356,경기도교육청,오산정보고등학교,마케팅콘텐츠과,경영·사무과,재무·회계과,,경기도교육청,286
R0357,경기도교육청,오산정보고등학교,융합소프트웨어과,정보컴퓨터과,문화콘텐츠과,,경기도교육청,287
R0358,경기도교육청,용문고등학교,회계금융과,경영·사무과,재무·회계과,,경기도교육청,288
R0359,경기도교육청,용인바이오고등학교,바이오식품과,식품가공과,조리·식음료과,,경기도교육청,289
R0360,경기도교육청,용인바이오고등학교,조경디자인과,조경과,원예과,,경기도교육청,290
R0361,경기도교육청,용인바이오고등학교,레저동물과,동물자원과,농업과,,경기도교육청,291
R0362,경기도교육청,한국모빌리티고등학교 / (의정부공업고등학교),건설정보과,토목과,건축시공과,,경기도교육청,292
R0363,경기도교육청,한국모빌리티고등학교 / (의정부공업고등학교),전기에너지과,전기과,전자과,,경기도교육청,293
R0364,경기도교육청,한국모빌리티고등학교 / (의정부공업고등학교),컴퓨터응용기계과,기계과,자동차과,,경기도교육청,294
R0365,경기도교육청,한국모빌리티고등학교 / (의정부공업고등학교),화학시스템공업과,화학공업과,환경보건과,,경기도교육청,295
R0366,경기도교육청,한국모빌리티고등학교 / (의정부공업고등학교),스마트전자과,전자과,전기과,,경기도교육청,296
R0367,경기도교육청,한국모빌리티고등학교 / (의정부공업고등학교),건축디자인과,건축시공과,디자인과,,경기도교육청,297
R0368,경기도교육청,한국모빌리티고등학교 / (의정부공업고등학교),자동차과,자동차과,기계과,,경기도교육청,298
R0369,경기도교육청,한국모빌리티고등학교 / (의정부공업고등학교),반도체과,기계과,전자과,,경기도교육청,299
R0370,경기도교육청,이천세무고등학교,세무정보과,재무·회계과,정보컴퓨터과,,경기도교육청,300
R0371,경기도교육청,이천세무고등학교,세무회계과,재무·회계과,경영·사무과,,경기도교육청,301
R0372,경기도교육청,이천제일고등학교,농업토목과,토목과,농업과,,경기도교육청,302
R0373,경기도교육청,이천제일고등학교,조경원예과,조경과,원예과,,경기도교육청,303
R0374,경기도교육청,이천제일고등학교,식품가공과,식품가공과,조리·식음료과,,경기도교육청,304
R0375,경기도교육청,이천제일고등학교,전산응용기계과,기계과,자동차과,,경기도교육청,305
R0376,경기도교육청,이천제일고등학교,디지털전자과,전자과,전기과,,경기도교육청,306
R0377,경기도교육청,이천제일고등학교,요업디자인과,세라믹과,공예과,,경기도교육청,307
R0378,경기도교육청,일동고등학교,K-뷰티경영과,미용과,,,경기도교육청,308
R0379,경기도교육청,일산고등학교,Iot디자인과,전자과,디자인과,,경기도교육청,309
R0380,경기도교육청,일산고등학교,바이오화장품과,화학공업과,,,경기도교육청,310
R0381,경기도교육청,일산고등학교,인테리어디자인과,건축시공과,디자인과,,경기도교육청,311
R0382,경기도교육청,일산고등학교,뷰티디자인과,미용과,,,경기도교육청,312
R0383,경기도교육청,일산고등학교,조리디자인과,조리·식음료과,식품가공과,,경기도교육청,313
R0384,경기도교육청,일산고등학교,제과제빵과,조리·식음료과,식품가공과,,경기도교육청,314
R0385,경기도교육청,일산국제컨벤션고등학교,컨벤션경영과,경영·사무과,재무·회계과,,경기도교육청,315
R0386,경기도교육청,일산국제컨벤션고등학교,컨벤션관광과,경영·사무과,관광·레저과,,경기도교육청,316
R0387,경기도교육청,일산국제컨벤션고등학교,패션코디네이션과,의류과,미용과,,경기도교육청,317
R0388,경기도교육청,일산국제컨벤션고등학교,IT소프트웨어과,경영·사무과,정보컴퓨터과,,경기도교육청,318
R0389,경기도교육청,일산국제컨벤션고등학교,웹툰앤콘텐츠디자인과,디자인과,문화콘텐츠과,,경기도교육청,319
R0390,경기도교육청,일죽고등학교,레저식품경영과,식품가공과,조리·식음료과,,경기도교육청,320
R0391,경기도교육청,일죽고등학교,골프산업경영과,조경과,농업과,,경기도교육청,321
R0392,경기도교육청,적성융합고등학교,부사관과,재무·회계과,경영·사무과,,경기도교육청,322
R0393,경기도교육청,적성융합고등학교,e커머스과,유통과,경영·사무과,,경기도교육청,323
R0394,경기도교육청,전곡고등학교,미래자동차디자인과,자동차과,기계과,,경기도교육청,324
R0395,경기도교육청,조종고등학교,스마트코딩경영과,경영･사무과,정보컴퓨터과,,경기도교육청,325
R0396,경기도교육청,죽산고등학교,SNS마케터과,경영·사무과,재무·회계과,,경기도교육청,326
R0397,경기도교육청,죽산고등학교,피지컬컴퓨팅과,정보컴퓨터과,,,경기도교육청,327
R0398,경기도교육청,지평고등학교,보건간호과,보건간호과,,,경기도교육청,328
R0399,경기도교육청,진위고등학교,사무자동화과,경영·사무과,재무·회계과,,경기도교육청,329
R0400,경기도교육청,진위고등학교,정보처리과,정보컴퓨터과,방송·통신과,,경기도교육청,330
R0401,경기도교육청,진위고등학교,소자본창업과,재무·회계과,유통과,,경기도교육청,331
R0402,경기도교육청,진위고등학교,그래픽미디어과,디자인과,문화콘텐츠과,,경기도교육청,332
R0403,경기도교육청,창의경영고등학교,인플루언서마케팅과,경영.사무과,정보컴퓨터과,,경기도교육청,333
R0404,경기도교육청,창의경영고등학교,스포츠경영과,경영·사무과,,,경기도교육청,334
R0405,경기도교육청,창의경영고등학교,스마트회계과,경영·사무과,재무·회계과,,경기도교육청,335
R0406,경기도교육청,창의경영고등학교,스마트IT과,정보컴퓨터과,방송·통신과,,경기도교육청,336
R0407,경기도교육청,창의경영고등학교,콘텐츠디자인과,디자인과,문화콘텐츠과,,경기도교육청,337
R0408,경기도교육청,창의경영고등학교,관광경영과,경영·사무과,관광·레저과,,경기도교육청,338
R0409,경기도교육청,청담고등학교,금융경영과,경영·사무과,금융과,,경기도교육청,339
R0410,경기도교육청,청담고등학교,소방안전과,경영·사무과,산업안전과,,경기도교육청,340
R0411,경기도교육청,청담고등학교,스포츠레저과,경영·사무과,관광·레저과,,경기도교육청,341
R0412,경기도교육청,청담고등학교,부사관과,정보컴퓨터과,방송·통신과,,경기도교육청,342
R0413,경기도교육청,청담고등학교,게임디자인과,문화콘텐츠과,디자인과,,경기도교육청,343
R0414,경기도교육청,청담고등학교,영상콘텐츠과,문화콘텐츠과,디자인과,,경기도교육청,344
R0415,경기도교육청,청평고등학교,전기전자과,전기과,전자과,,경기도교육청,345
R0416,경기도교육청,청평고등학교,건축디자인과,건축시공과,토목과,,경기도교육청,346
R0417,경기도교육청,통진고등학교,금융세무과,경영·사무과,재무·회계과,,경기도교육청,347
R0418,경기도교육청,통진고등학교,IT융합과,정보컴퓨터과,문화콘텐츠과,,경기도교육청,348
R0419,경기도교육청,(정목고등학교) / 파주여자고등학교,외식경영과,경영·사무과,조리·식음료과,,경기도교육청,349
R0420,경기도교육청,(정목고등학교) / 파주여자고등학교,카페베이커리과,식품가공과,조리·식음료과,,경기도교육청,350
R0421,경기도교육청,(정목고등학교) / 파주여자고등학교,뷰티아트과,미용과,,,경기도교육청,351
R0422,경기도교육청,(정목고등학교) / 파주여자고등학교,공공사무행정과,경영·사무과,재무·회계과,,경기도교육청,352
R0423,경기도교육청,평촌경영고등학교,미래융합경영과,경영·사무과,재무·회계과,,경기도교육청,353
R0424,경기도교육청,평촌경영고등학교,AI융합과,정보컴퓨터과,문화콘텐츠과,,경기도교육청,354
R0425,경기도교육청,평촌경영고등학교,웰니스관광과,관광·레저과,경영·사무과,,경기도교육청,355
R0426,경기도교육청,평촌경영고등학교,외식조리과,조리·식음료과,식품가공과,,경기도교육청,356
R0427,경기도교육청,평촌경영고등학교,스포츠산업경영과,경영·사무과,관광·레저과,,경기도교육청,357
R0428,경기도교육청,평촌경영고등학교,미디어인플루언서과,정보컴퓨터과,문화콘텐츠과,,경기도교육청,358
R0429,경기도교육청,평촌경영고등학교,크리에이티브디자인과,디자인과,문화콘텐츠과,,경기도교육청,359
R0430,경기도교육청,평촌과학기술고등학교,스마트기계과,기계과,자동차과,,경기도교육청,360
R0431,경기도교육청,평촌과학기술고등학교,스마트전자과,전자과,정보컴퓨터과,,경기도교육청,361
R0432,경기도교육청,평촌과학기술고등학교,스마트전기과,전기과,전자과,,경기도교육청,362
R0433,경기도교육청,평촌과학기술고등학교,아트앤디자인과,디자인과,문화콘텐츠과,,경기도교육청,363
R0434,경기도교육청,평택여자고등학교,경영정보과,경영·사무과,정보컴퓨터과,,경기도교육청,364
R0435,경기도교육청,포천일고등학교,스마트서비스경영과,경영·사무과,재무·회계과,,경기도교육청,365
R0436,경기도교육청,포천일고등학교,창업콘텐츠과,판매과,유통과,,경기도교육청,366
R0437,경기도교육청,포천일고등학교,식품반려동물자원과,동물자원과,식품가공과,,경기도교육청,367
R0438,경기도교육청,하남경영고등학교,스마트경영과,경영·사무과,재무·회계과,,경기도교육청,368
R0439,경기도교육청,하남경영고등학교,카페플랫폼경영과,경영·사무과,판매과,,경기도교육청,369
R0440,경기도교육청,하남경영고등학교,스마트IT과,정보컴퓨터과,문화콘텐츠과,,경기도교육청,370
R0441,경기도교육청,하남경영고등학교,서비스디자인과,디자인과,문화콘텐츠과,,경기도교육청,371
R0442,경기도교육청,하남경영고등학교,보건간호과,보건간호과,,,경기도교육청,372
R0443,경기도교육청,하성고등학교,컨벤션경영과,경영·사무과,재무·회계과,,경기도교육청,373
R0444,경기도교육청,한국관광고등학교,관광영어통역과,관광·레저과,경영·사무과,,경기도교육청,374
R0445,경기도교육청,한국관광고등학교,관광일본어통역과,관광·레저과,경영·사무과,,경기도교육청,375
R0446,경기도교육청,한국관광고등학교,관광중국어통역과,관광·레저과,경영·사무과,,경기도교육청,376
R0447,경기도교육청,한국도예고등학교,도예과,세라믹과,공예과,,경기도교육청,377
R0448,경기도교육청,한국디지털미디어고등학교,e비즈니스과,경영·사무과,정보컴퓨터과,,경기도교육청,378
R0449,경기도교육청,한국디지털미디어고등학교,디지털콘텐츠과,경영·사무과,문화콘텐츠과,,경기도교육청,379
R0450,경기도교육청,한국디지털미디어고등학교,웹프로그래밍과,정보컴퓨터과,전자과,,경기도교육청,380
R0451,경기도교육청,한국디지털미디어고등학교,해킹방어과,정보컴퓨터과,전자과,,경기도교육청,381
R0452,경기도교육청,한국문화영상고등학교,영상콘텐츠과,문화콘텐츠과,디자인과,,경기도교육청,382
R0453,경기도교육청,한국문화영상고등학교,디자인콘텐츠과,문화콘텐츠과,디자인과,,경기도교육청,383
R0454,경기도교육청,한국문화영상고등학교,스마트경영과,경영·사무과,재무·회계과,,경기도교육청,384
R0455,경기도교육청,한국문화영상고등학교,관광서비스과,관광·레저과,조리·식음료과,,경기도교육청,385
R0456,경기도교육청,한국애니메이션고등학교,만화창작과,문화콘텐츠과,디자인과,,경기도교육청,386
R0457,경기도교육청,한국애니메이션고등학교,애니메이션과,문화콘텐츠과,디자인과,,경기도교육청,387
R0458,경기도교육청,한국애니메이션고등학교,영상연출과,문화콘텐츠과,디자인과,,경기도교육청,388
R0459,경기도교육청,한국애니메이션고등학교,컴퓨터게임제작과,문화콘텐츠과,정보컴퓨터과,,경기도교육청,389
R0460,경기도교육청,한국외식과학고등학교,카페베이커리관광과,관광·레저과,식품가공과,,경기도교육청,390
R0461,경기도교육청,한국외식과학고등학교,조리과학과,조리·식음료과,식품가공과,,경기도교육청,391
R0462,경기도교육청,한국조리과학고등학교,조리과,조리·식음료과,식품가공과,,경기도교육청,392
R0463,경기도교육청,한봄고등학교,뷰티아트과,미용과,,,경기도교육청,393
R0464,경기도교육청,한봄고등학교,캐릭터창작과,문화콘텐츠과,디자인과,,경기도교육청,394
R0465,경기도교육청,한봄고등학교,시각디자인과,디자인과,문화콘텐츠과,,경기도교육청,395
R0466,경기도교육청,한봄고등학교,빅데이터정보과,정보컴퓨터과,방송·통신과,,경기도교육청,396
R0467,경기도교육청,한봄고등학교,스마트제어과,전자과,전기과,,경기도교육청,397
R0468,경기도교육청,홍익디자인고등학교,IT산업디자인과,디자인과,문화콘텐츠과,,경기도교육청,398
R0469,경기도교육청,홍익디자인고등학교,AI시각디자인과,디자인과,문화콘텐츠과,,경기도교육청,399
R0470,경상남도교육청,거제여자상업고등학교,회계금융과,재무·회계과,경영·사무과,,경상남도교육청,6
R0471,경상남도교육청,거제여자상업고등학교,경영사무과,경영·사무과,재무·회계과,,경상남도교육청,7
R0472,경상남도교육청,거제여자상업고등학교,마케팅과,경영·사무과,재무·회계과,,경상남도교육청,8
R0473,경상남도교육청,거제여자상업고등학교,레저경영과,경영·사무과,재무·회계과,,경상남도교육청,9
R0474,경상남도교육청,거창승강기고등학교,전기전자과,전기과,전자과,,경상남도교육청,10
R0475,경상남도교육청,거창승강기고등학교,컴퓨터응용기계과,기계과,,,경상남도교육청,11
R0476,경상남도교육청,경남간호고등학교,간호복지과,보건간호과,,,경상남도교육청,12
R0477,경상남도교육청,경남관광고등학교,관광조리과,조리·식음료과,,,경상남도교육청,13
R0478,경상남도교육청,경남관광고등학교,호텔제과제빵과,식품가공과,조리·식음료과,,경상남도교육청,14
R0479,경상남도교육청,경남관광고등학교,관광호텔과,관광·레저과,조리·식음료과,,경상남도교육청,15
R0480,경상남도교육청,경남관광고등학교,관광경영과,경영·사무과,재무·회계과,,경상남도교육청,16
R0481,경상남도교육청,경남로봇고등학교,스마트로봇전기과,전기과,전자과,,경상남도교육청,17
R0482,경상남도교육청,경남로봇고등학교,로봇소프트웨어과,정보컴퓨터과,전자과,,경상남도교육청,18
R0483,경상남도교육청,경남산업고등학교,전기과,전기과,전자과,,경상남도교육청,19
R0484,경상남도교육청,경남산업고등학교,외식조리과,조리·식음료과,식품가공과,,경상남도교육청,20
R0485,경상남도교육청,경남산업고등학교,미용예술과,미용과,,,경상남도교육청,21
R0486,경상남도교육청,경남산업고등학교,조경원예과,조경과,원예과,,경상남도교육청,22
R0487,경상남도교육청,경남산업고등학교,스마트팩토리과,기계과,전기과,,경상남도교육청,23
R0488,경상남도교육청,경남자동차고등학교,정밀기계과,기계과,산업설비과,,경상남도교육청,24
R0489,경상남도교육청,경남자동차고등학교,AI측정과,기계과,산업설비과,,경상남도교육청,25
R0490,경상남도교육청,경남자동차고등학교,자동차튜닝과,자동차과,기계과,,경상남도교육청,26
R0491,경상남도교육청,경남자동차고등학교,자동차과,자동차과,기계과,,경상남도교육청,27
R0492,경상남도교육청,경남자동차고등학교,스마트전기과,전기과,전자과,,경상남도교육청,28
R0493,경상남도교육청,경남자영고등학교,자영과,농업과,식품가공과,,경상남도교육청,29
R0494,경상남도교육청,경남정보고등학교,창업비즈니스과,경영·사무과,재무·회계과,,경상남도교육청,30
R0495,경상남도교육청,경남정보고등학교,공공사무행정과,경영·사무과,재무·회계과,,경상남도교육청,31
R0496,경상남도교육청,경남정보고등학교,디지털콘텐츠과,정보컴퓨터과,문화콘텐츠과,,경상남도교육청,32
R0497,경상남도교육청,경남정보고등학교,IT소프트웨어과,정보컴퓨터과,방송통신과,,경상남도교육청,33
R0498,경상남도교육청,경남항공고등학교,항공기계과,기계과,,,경상남도교육청,34
R0499,경상남도교육청,경남항공고등학교,항공기체과,항공과,기계과,,경상남도교육청,35
R0500,경상남도교육청,경남항공고등학교,항공정비과,항공과,기계과,,경상남도교육청,36
R0501,경상남도교육청,경남항공고등학교,항공전기전자과,전기과,전자과,,경상남도교육청,37
R0502,경상남도교육청,경남해양과학고등학교,자영해양생산과,해양생산과,수산양식과,,경상남도교육청,38
R0503,경상남도교육청,경남해양과학고등학교,해양기술과,기관과,기계과,,경상남도교육청,39
R0504,경상남도교육청,경진고등학교,도심항공모빌리티과,기계과,,,경상남도교육청,40
R0505,경상남도교육청,경진고등학교,컴퓨터전자과,전자과,전기과,,경상남도교육청,41
R0506,경상남도교육청,경진고등학교,스마트전기과,전기과,전자과,,경상남도교육청,42
R0507,경상남도교육청,경진고등학교,콘텐츠디자인과,디자인과,문화콘텐츠과,,경상남도교육청,43
R0508,경상남도교육청,경진고등학교,뷰티과,미용과,,,경상남도교육청,44
R0509,경상남도교육청,김해건설공업고등학교,건설정보과,토목과,건축시공과,,경상남도교육청,45
R0510,경상남도교육청,김해건설공업고등학교,건축디자인과,건축시공과,디자인과,,경상남도교육청,46
R0511,경상남도교육청,김해건설공업고등학교,전기제어과,전기과,전자과,,경상남도교육청,47
R0512,경상남도교육청,김해건설공업고등학교,정밀기계과,기계과,산업설비과,,경상남도교육청,48
R0513,경상남도교육청,김해건설공업고등학교,중기자동차시스템과,자동차과,기계과,,경상남도교육청,49
R0514,경상남도교육청,김해생명과학고등학교,동물산업과,동물자원과,농업과,,경상남도교육청,50
R0515,경상남도교육청,김해생명과학고등학교,원예조경과,원예과,조경과,,경상남도교육청,51
R0516,경상남도교육청,김해생명과학고등학교,농산업기계과,농업기계과,기계과,,경상남도교육청,52
R0517,경상남도교육청,김해생명과학고등학교,식품가공과,식품가공과,조리·식음료과,,경상남도교육청,53
R0518,경상남도교육청,김해한일여자고등학교,금융정보과,경영·사무과,재무·회계과,,경상남도교육청,54
R0519,경상남도교육청,김해한일여자고등학교,공공사무행정과,경영·사무과,재무·회계과,,경상남도교육청,55
R0520,경상남도교육청,김해한일여자고등학교,영상크리에이터과,문화콘텐츠과,디자인과,,경상남도교육청,56
R0521,경상남도교육청,김해한일여자고등학교,보건간호과,보건간호과,사회복지과,,경상남도교육청,57
R0522,경상남도교육청,남해정보산업고등학교,정보처리과,경영·사무과,재무·회계과,,경상남도교육청,58
R0523,경상남도교육청,남해정보산업고등학교,식품가공과,식품가공과,조리·식음료과,,경상남도교육청,59
R0524,경상남도교육청,마산공업고등학교,기계과,기계과,산업설비과,,경상남도교육청,60
R0525,경상남도교육청,마산공업고등학교,스마트융합설비과,산업설비과,기계과,,경상남도교육청,61
R0526,경상남도교육청,마산공업고등학교,메카트로닉스과,기계과,전자과,,경상남도교육청,62
R0527,경상남도교육청,마산공업고등학교,전기과,전기과,전자과,,경상남도교육청,63
R0528,경상남도교육청,마산공업고등학교,스마트팩토리과,전기과,전자과,,경상남도교육청,64
R0529,경상남도교육청,밀성제일고등학교,스마트경영과,경영·사무과,재무·회계과,,경상남도교육청,65
R0530,경상남도교육청,밀성제일고등학교,스마트IT과,경영·사무과,정보컴퓨터과,,경상남도교육청,66
R0531,경상남도교육청,밀성제일고등학교,보건간호과,보건간호과,사회복지과,,경상남도교육청,67
R0532,경상남도교육청,밀성제일고등학교,뷰티케어과,미용과,관광·레저과,,경상남도교육청,68
R0533,경상남도교육청,사천여자고등학교,콘텐츠크리에이터과,문화콘텐츠과,,,경상남도교육청,69
R0534,경상남도교육청,사천여자고등학교,스마트디자인과,디자인과,,,경상남도교육청,70
R0535,경상남도교육청,사천여자고등학교,회계정보과,재무·회계과,경영·사무과,,경상남도교육청,71
R0536,경상남도교육청,삼가고등학교,조리과,조리.식음료과,식품가공학과,,경상남도교육청,72
R0537,경상남도교육청,선명여자고등학교,금융회계과,금융과,재무·회계과,,경상남도교육청,73
R0538,경상남도교육청,선명여자고등학교,창업마케팅과,경영·사무과,유통과,,경상남도교육청,74
R0539,경상남도교육청,선명여자고등학교,경영정보과,경영·사무과,재무·회계과,,경상남도교육청,75
R0540,경상남도교육청,선명여자고등학교,외식조리과,조리･식음료과,식품가공과,,경상남도교육청,76
R0541,경상남도교육청,선명여자고등학교,베이커리카페과,조리･식음료과,식품가공과,,경상남도교육청,77
R0542,경상남도교육청,신반정보고등학교,경영사무과,경영·사무과,재무·회계과,,경상남도교육청,78
R0543,경상남도교육청,진영제일고등학교,상업정보과,경영·사무과,재무·회계과,,경상남도교육청,79
R0544,경상남도교육청,진영제일고등학교,미용예술과,미용과,,,경상남도교육청,80
R0545,경상남도교육청,진주기계공업고등학교,항공기계과,항공과,기계과,,경상남도교육청,81
R0546,경상남도교육청,진주기계공업고등학교,기계과,기계과,산업설비과,,경상남도교육청,82
R0547,경상남도교육청,진주기계공업고등학교,전자기계과,전기과,기계과,,경상남도교육청,83
R0548,경상남도교육청,진주기계공업고등학교,전기과,전기과,전자과,,경상남도교육청,84
R0549,경상남도교육청,진주기계공업고등학교,건설과,토목과,건축시공과,,경상남도교육청,85
R0550,경상남도교육청,창녕슈퍼텍고등학교,스마트원예과,원예과,조경과,,경상남도교육청,86
R0551,경상남도교육청,창녕슈퍼텍고등학교,중기자동차과,자동차과,기계과,,경상남도교육청,87
R0552,경상남도교육청,창녕슈퍼텍고등학교,스마트기계과,기계과,,,경상남도교육청,88
R0553,경상남도교육청,창녕여자고등학교,보건간호과,보건간호과,,,경상남도교육청,89
R0554,경상남도교육청,창원공업고등학교,컴퓨터응용금형과,기계과,,,경상남도교육청,90
R0555,경상남도교육청,창원공업고등학교,특수산업설비기계과,산업설비과,기계과,,경상남도교육청,91
R0556,경상남도교육청,창원공업고등학교,컴퓨터응용기계과,기계과,,,경상남도교육청,92
R0557,경상남도교육청,창원공업고등학교,스마트제어디자인과,기계과,전자과,,경상남도교육청,93
R0558,경상남도교육청,창원공업고등학교,스마트영상크리에이터과,문화콘텐츠과,,,경상남도교육청,94
R0559,경상남도교육청,창원기계공업고등학교,정밀기계시스템과,기계과,,,경상남도교육청,95
R0560,경상남도교육청,창원기계공업고등학교,컴퓨터응용기계과,기계과,,,경상남도교육청,96
R0561,경상남도교육청,창원기계공업고등학교,메카트로닉스과,기계과,전자과,,경상남도교육청,97
R0562,경상남도교육청,창원기계공업고등학교,특수산업설비과,산업설비과,기계과,,경상남도교육청,98
R0563,경상남도교육청,창원기계공업고등학교,디지털전기과,전기과,전자과,,경상남도교육청,99
R0564,경상남도교육청,창원기계공업고등학교,반도체전자과,전자과,전기과,,경상남도교육청,100
R0565,경상남도교육청,초계고등학교,멀티자동차과,자동차과,기계과,,경상남도교육청,101
R0566,경상남도교육청,초계고등학교,서비스마케팅과,경영·사무과,재무·회계과,,경상남도교육청,102
R0567,경상남도교육청,한국과학기술고등학교,정밀기계조립과,기계과,,,경상남도교육청,103
R0568,경상남도교육청,한국과학기술고등학교,스마트팩토리과,기계과,,,경상남도교육청,104
R0569,경상남도교육청,한국과학기술고등학교,컴퓨터응용기계과,기계과,,,경상남도교육청,105
R0570,경상남도교육청,한국과학기술고등학교,전기전자과,전기과,전자과,,경상남도교육청,106
R0571,경상남도교육청,한일여자고등학교,미디어콘텐츠과,문화콘텐츠과,디자인과,,경상남도교육청,107
R0572,경상남도교육청,한일여자고등학교,스마트디자인과,문화콘텐츠과,디자인과,,경상남도교육청,108
R0573,경상남도교육청,한일여자고등학교,AI소프트웨어과,정보컴퓨터과,방송·통신과,,경상남도교육청,109
R0574,경상남도교육청,한일여자고등학교,3D융합디자인과,기계과,디자인과,,경상남도교육청,110
R0575,경상남도교육청,한일여자고등학교,공공사무행정과,경영·사무과,금융과,,경상남도교육청,111
R0576,경상남도교육청,함양제일고등학교,농업과,농업과,식품가공과,,경상남도교육청,112
R0577,경상남도교육청,함양제일고등학교,조경토목과,조경과,농업토목과,,경상남도교육청,113
R0578,경상남도교육청,함양제일고등학교,전기과,전기과,전자과,,경상남도교육청,114
R0579,경상남도교육청,함양제일고등학교,전자과,전자과,전기과,,경상남도교육청,115
R0580,경상남도교육청,함양제일고등학교,경영정보과,경영·사무과,재무·회계과,,경상남도교육청,116
R0581,경상북도교육청,강구정보고등학교,마켓매니저과,재무·회계과,판매과,,경상북도교육청,6
R0582,경상북도교육청,경북과학기술고등학교,컴퓨터응용기계과,기계과,,,경상북도교육청,7
R0583,경상북도교육청,경북과학기술고등학교,정밀설계기계과,기계과,,,경상북도교육청,8
R0584,경상북도교육청,경북과학기술고등학교,글로벌용접과,산업설비과,,,경상북도교육청,9
R0585,경상북도교육청,경북과학기술고등학교,스마트제어전기과,전기과,,,경상북도교육청,10
R0586,경상북도교육청,경북과학기술고등학교,IoT전자과,전자과,,,경상북도교육청,11
R0587,경상북도교육청,경북기계금속고등학교,스마트용접과,산업설비과,,,경상북도교육청,12
R0588,경상북도교육청,경북기계금속고등학교,컴퓨터응용선반과,기계과,,,경상북도교육청,13
R0589,경상북도교육청,경북기계금속고등학교,컴퓨터응용밀링과,기계과,,,경상북도교육청,14
R0590,경상북도교육청,경북기계명장고등학교,스마트기계과,기계과,,,경상북도교육청,15
R0591,경상북도교육청,경북기계명장고등학교,스마트용접과,산업설비과,,,경상북도교육청,16
R0592,경상북도교육청,경북드론고등학교,드론전자과,전자과,전기과,,경상북도교육청,17
R0593,경상북도교육청,경북드론고등학교,드론전기과,전기과,전자과,,경상북도교육청,18
R0594,경상북도교육청,경북생활과학고등학교,조리과,식품가공과,조리·식음료과,,경상북도교육청,19
R0595,경상북도교육청,경북생활과학고등학교,피부미용과,미용과,,,경상북도교육청,20
R0596,경상북도교육청,경북세무고등학교,세무회계과,재무·회계과,경영·사무과,,경상북도교육청,21
R0597,경상북도교육청,경북세무고등학교,광고마케팅과,경영·사무과,문화콘텐츠과,,경상북도교육청,22
R0598,경상북도교육청,경북소프트웨어고등학교,소프트웨어개발과,정보컴퓨터과,,,경상북도교육청,23
R0599,경상북도교육청,경북소프트웨어고등학교,인공지능소프트웨어과,정보컴퓨터과,,,경상북도교육청,24
R0600,경상북도교육청,경북소프트웨어고등학교,게임개발과,정보컴퓨터과,문화콘텐츠과,,경상북도교육청,25
R0601,경상북도교육청,경북자연과학고등학교,말산업과,동물자원과,,,경상북도교육청,26
R0602,경상북도교육청,경북자연과학고등학교,반려동물복지과,동물자원과,,,경상북도교육청,27
R0603,경상북도교육청,경북자연과학고등학교,반려동물미용과,동물자원과,,,경상북도교육청,28
R0604,경상북도교육청,경북자연과학고등학교,펫카페경영과,식품가공과,조리·식음료과,,경상북도교육청,29
R0605,경상북도교육청,경북조리과학고등학교,조리과,조리·식음료과,,,경상북도교육청,30
R0606,경상북도교육청,경북조리과학고등학교,제과제빵과,식품가공과,,,경상북도교육청,31
R0607,경상북도교육청,경북하이텍고등학교,도시공간디자인과,토목과,건축시공과,,경상북도교육청,32
R0608,경상북도교육청,경북하이텍고등학교,스마트전기전자과,전기과,전자과,,경상북도교육청,33
R0609,경상북도교육청,경북하이텍고등학교,유통마케팅과,경영·사무과,재무·회계과,,경상북도교육청,34
R0610,경상북도교육청,경북항공고등학교,항공전자과,항공과,전자과,,경상북도교육청,35
R0611,경상북도교육청,경북항공고등학교,항공정비과,항공과,기계과,,경상북도교육청,36
R0612,경상북도교육청,경북휴먼테크고등학교,소방안전과,환경보건과,산업안전과,,경상북도교육청,37
R0613,경상북도교육청,경북휴먼테크고등학교,스마트팩토리과,기계과,산업설비과,,경상북도교육청,38
R0614,경상북도교육청,경북휴먼테크고등학교,스마트모빌리티과,자동차과,기계과,,경상북도교육청,39
R0615,경상북도교육청,경산제일고등학교,사무회계과,경영･사무과,재무･회계과,,경상북도교육청,40
R0616,경상북도교육청,경산제일고등학교,서비스경영과,경영･사무과,재무･회계과,,경상북도교육청,41
R0617,경상북도교육청,경산제일고등학교,부사관사무과,경영･사무과,재무･회계과,,경상북도교육청,42
R0618,경상북도교육청,경산제일고등학교,보건간호과,보건간호과,,,경상북도교육청,43
R0619,경상북도교육청,한국반도체마이스터고등학교 / (경주공업고등학교),스마트융합기계과,기계과,금속재료과,2026학년도부터 마이스터고 변경 승인,경상북도교육청,44
R0620,경상북도교육청,한국반도체마이스터고등학교 / (경주공업고등학교),전기에너지과,전기과,전자과,,경상북도교육청,45
R0621,경상북도교육청,한국반도체마이스터고등학교 / (경주공업고등학교),스마트전자과,전자과,전기과,,경상북도교육청,46
R0622,경상북도교육청,경주디자인고등학교,제품디자인과,디자인과,문화콘텐츠과,,경상북도교육청,47
R0623,경상북도교육청,경주디자인고등학교,세라믹시각디자인과,디자인과,공예과,,경상북도교육청,48
R0624,경상북도교육청,경주디자인고등학교,실내공간디자인과,디자인과,건축시공과,,경상북도교육청,49
R0625,경상북도교육청,경주여자정보고등학교,금융비즈니스과,경영·사무과,,,경상북도교육청,50
R0626,경상북도교육청,경주여자정보고등학교,관광경영과,관광·레저과,조리·식음료과,,경상북도교육청,51
R0627,경상북도교육청,경주여자정보고등학교,영유아보육과,보육과,,,경상북도교육청,52
R0628,경상북도교육청,경주여자정보고등학교,보건간호과,보건간호과,,,경상북도교육청,53
R0629,경상북도교육청,경주정보고등학교,관광서비스과,관광·레저과,조리·식음료과,,경상북도교육청,54
R0630,경상북도교육청,경주정보고등학교,글로벌경영과,경영사무과,유통과,,경상북도교육청,55
R0631,경상북도교육청,경주정보고등학교,스포츠마케팅과,판매과,관광·레저과,,경상북도교육청,56
R0632,경상북도교육청,경주정보고등학교,IT융합정보과,정보컴퓨터과,문화콘텐츠과,,경상북도교육청,57
R0633,경상북도교육청,경주정보고등학교,유튜브창업과,문화콘텐츠과,정보컴퓨터과,,경상북도교육청,58
R0634,경상북도교육청,한국조리명장고등학교,실내장식디자인과,디자인과,문화콘텐츠과,,경상북도교육청,59
R0635,경상북도교육청,한국조리명장고등학교,조리과,조리식음료과,,,경상북도교육청,60
R0636,경상북도교육청,구미여자상업고등학교,회계금융과,재무·회계과,,,경상북도교육청,61
R0637,경상북도교육청,구미여자상업고등학교,공공사무행정과,경영·사무과,,,경상북도교육청,62
R0638,경상북도교육청,구미여자상업고등학교,서비스마케팅과,판매과,,,경상북도교육청,63
R0639,경상북도교육청,구미여자상업고등학교,디저트카페창업과,식품가공과,판매과,,경상북도교육청,64
R0640,경상북도교육청,구미정보고등학교,사무회계과,경영·사무과,재무·회계과,,경상북도교육청,65
R0641,경상북도교육청,구미정보고등학교,메타커머스과,디자인과,문화콘텐츠과,,경상북도교육청,66
R0642,경상북도교육청,구미정보고등학교,창업경영과,판매과,경영·사무과,,경상북도교육청,67
R0643,경상북도교육청,김천생명과학고등학교,그린스마트팜과,원예과,농업과,,경상북도교육청,68
R0644,경상북도교육청,김천생명과학고등학교,조경산업디자인과,조경과,산림자원과,,경상북도교육청,69
R0645,경상북도교육청,김천생명과학고등학교,스마트동물사육과,동물자원과,농업과,,경상북도교육청,70
R0646,경상북도교육청,김천생명과학고등학교,디저트카페경영과,식품가공과,조리･식음료과,,경상북도교육청,71
R0647,경상북도교육청,김천생명과학고등학교,미트푸드산업과,식품가공과,조리･식음료과,,경상북도교육청,72
R0648,경상북도교육청,김천생명과학고등학교,바이오산업기계과,농업기계과,농업토목과,,경상북도교육청,73
R0649,경상북도교육청,명인고등학교,펫카페경영과,동물자원과,경영･사무과,,경상북도교육청,74
R0650,경상북도교육청,명인고등학교,외식조리과,조리･식음료과,,,경상북도교육청,75
R0651,경상북도교육청,명인고등학교,제과제빵과,식품가공과,조리･식음료과,,경상북도교육청,76
R0652,경상북도교육청,문경공업고등학교,하우징디자인과,건축시공과,토목과,,경상북도교육청,77
R0653,경상북도교육청,문경공업고등학교,기계과,기계과,,,경상북도교육청,78
R0654,경상북도교육청,문경공업고등학교,전기에너지과,전기과,,,경상북도교육청,79
R0655,경상북도교육청,문경공업고등학교,IT전자과,전자과,,,경상북도교육청,80
R0656,경상북도교육청,삼성생활예술고등학교,관광조리과,조리･식음료과,식품가공과,,경상북도교육청,81
R0657,경상북도교육청,삼성생활예술고등학교,뷰티디자인과,미용과,-,,경상북도교육청,82
R0658,경상북도교육청,경북에너지기술고등학교 / (상산전자고등학교),전자과,전자과,,,경상북도교육청,83
R0659,경상북도교육청,경북에너지기술고등학교 / (상산전자고등학교),전기제어과,전기과,,,경상북도교육청,84
R0660,경상북도교육청,경북에너지기술고등학교 / (상산전자고등학교),정밀기계과,기계과,,,경상북도교육청,85
R0661,경상북도교육청,상주공업고등학교,토목시스템과,토목과,,,경상북도교육청,86
R0662,경상북도교육청,상주공업고등학교,전기시스템과,전기과,,,경상북도교육청,87
R0663,경상북도교육청,상주공업고등학교,건축목공시스템과,건축시공과,,,경상북도교육청,88
R0664,경상북도교육청,상주공업고등학교,자동차기계과,기계과,자동차과,,경상북도교육청,89
R0665,경상북도교육청,상지미래경영고등학교,보건간호과,보건간호과,,,경상북도교육청,90
R0666,경상북도교육청,상지미래경영고등학교,경영금융서비스과,금융과,재무·회계과,,경상북도교육청,91
R0667,경상북도교육청,상지미래경영고등학교,카페경영과,경영·사무과,조리·식음료과,,경상북도교육청,92
R0668,경상북도교육청,상지미래경영고등학교,부사관과,경영·사무과,,,경상북도교육청,93
R0669,경상북도교육청,신라공업고등학교,스마트전기과,전기과,전자과,,경상북도교육청,94
R0670,경상북도교육청,신라공업고등학교,자동차과,자동차과,기계과,,경상북도교육청,95
R0671,경상북도교육청,신라공업고등학교,자동화시스템과,전자과,기계과,,경상북도교육청,96
R0672,경상북도교육청,신라공업고등학교,정밀기계과,기계과,,,경상북도교육청,97
R0673,경상북도교육청,신라공업고등학교,AI융합과,전자과,전기과,,경상북도교육청,98
R0674,경상북도교육청,경북모빌리티고등학교 / (안강전자고등학교),드론전자과,전자과,전기과,,경상북도교육청,99
R0675,경상북도교육청,경북모빌리티고등학교 / (안강전자고등학교),드론전기에너지과,전기과,전자과,,경상북도교육청,100
R0676,경상북도교육청,경북모빌리티고등학교 / (안강전자고등학교),IT전자과,전자과,정보컴퓨터과,,경상북도교육청,101
R0677,경상북도교육청,영천전자고등학교,전기전자과,전기과,전자과,,경상북도교육청,102
R0678,경상북도교육청,영천전자고등학교,항공전자과,전자과,항공과,,경상북도교육청,103
R0679,경상북도교육청,예일메디텍고등학교,보건간호과,보건간호과,,,경상북도교육청,104
R0680,경상북도교육청,울릉고등학교,경영회계과,경영·사무과,재무·회계과,,경상북도교육청,105
R0681,경상북도교육청,울릉고등학교,해양레저과,해양생산과,해양레저과,,경상북도교육청,106
R0682,경상북도교육청,의성유니텍고등학교,웰빙조리과,조리·식음료과,식품가공과,,경상북도교육청,107
R0683,경상북도교육청,의성유니텍고등학교,스마트팩토리과,전기과,,,경상북도교육청,108
R0684,경상북도교육청,의성유니텍고등학교,사물인터넷과,전자과,,,경상북도교육청,109
R0685,경상북도교육청,경북골프경영고등학교,골프경영과,경영·사무과,관광·레저과,,경상북도교육청,110
R0686,경상북도교육청,경북관광비즈니스고등학교,유통정보과,경영·사무과,유통과,,경상북도교육청,111
R0687,경상북도교육청,경북관광비즈니스고등학교,서비스경영과,경영·사무과,조리·식음료과,,경상북도교육청,112
R0688,경상북도교육청,포항과학기술고등학교,물류관리과,경영사무과,유통과,,경상북도교육청,113
R0689,경상북도교육청,포항과학기술고등학교,뷰티케어과,미용과,,,경상북도교육청,114
R0690,경상북도교육청,포항보건고등학교,간호과,보건간호과,,,경상북도교육청,115
R0691,경상북도교육청,포항보건고등학교,치의간호과,보건간호과,,,경상북도교육청,116
R0692,경상북도교육청,포항여자전자고등학교,스마트전자과,전자과,전기과,,경상북도교육청,117
R0693,경상북도교육청,포항여자전자고등학교,3D모델링과,기계과,,,경상북도교육청,118
R0694,경상북도교육청,포항여자전자고등학교,미디어크리에이터과,문화콘텐츠과,인쇄·출판과,,경상북도교육청,119
R0695,경상북도교육청,포항여자전자고등학교,디자인콘텐츠과,디자인과,문화콘텐츠과,,경상북도교육청,120
R0696,경상북도교육청,포항여자전자고등학교,조리과,조리·식음료과,식품가공과,,경상북도교육청,121
R0697,경상북도교육청,포항흥해공업고등학교,폴리메카닉스과,기계과,산업설비과,,경상북도교육청,122
R0698,경상북도교육청,포항흥해공업고등학교,스마트메카닉스과,기계과,전기과,,경상북도교육청,123
R0699,경상북도교육청,포항흥해공업고등학교,스마트전기과,전기과,전자과,,경상북도교육청,124
R0700,경상북도교육청,포항흥해공업고등학교,스마트전자과,전자과,,,경상북도교육청,125
R0701,경상북도교육청,한국국제조리고등학교,조리과,조리·식음료과,,,경상북도교육청,126
R0702,경상북도교육청,한국국제조리고등학교,제과제빵과,식품가공과,,,경상북도교육청,127
R0703,경상북도교육청,한국미래산업고등학교,경영·사무과,경영·사무과,,,경상북도교육청,128
R0704,경상북도교육청,한국미래산업고등학교,스마트마케팅과,판매과,,,경상북도교육청,129
R0705,경상북도교육청,한국미래산업고등학교,미용과,미용과,,,경상북도교육청,130
R0706,경상북도교육청,한국미래산업고등학교,보건간호과,보건간호과,,,경상북도교육청,131
R0707,경상북도교육청,한국산림과학고등학교,산림환경자원과,산림자원과,농업과,,경상북도교육청,132
R0708,경상북도교육청,한국산림과학고등학교,임산가공과,산림자원과,농업과,,경상북도교육청,133
R0709,경상북도교육청,한국생명과학고등학교,스마트농업경영과,농업과,원예과,,경상북도교육청,134
R0710,경상북도교육청,한국생명과학고등학교,스마트동물산업과,동물자원과,농업과,,경상북도교육청,135
R0711,경상북도교육청,한국생명과학고등학교,도시조경디자인과,조경과,산림자원과,,경상북도교육청,136
R0712,경상북도교육청,한국생명과학고등학교,베이커리카페경영과,식품가공과,,,경상북도교육청,137
R0713,경상북도교육청,한국생명과학고등학교,스마트산업기계과,농업기계과,농업토목과,,경상북도교육청,138
R0714,경상북도교육청,한국생명과학고등학교,미트외식산업과,식품가공과,,,경상북도교육청,139
R0715,경상북도교육청,한국펫고등학교,반려동물매니지먼트과,동물자원과,농업과,,경상북도교육청,140
R0716,경상북도교육청,한국펫고등학교,반려동물뷰티케어과,동물자원과,농업과,,경상북도교육청,141
R0717,경상북도교육청,효청보건고등학교,보건간호과,보건간호과,,,경상북도교육청,142
R0718,경상북도교육청,효청보건고등학교,건강코디네이터과,미용과,,,경상북도교육청,143
R0719,경상북도교육청,효청보건고등학교,기업경영관리과,경영·사무과,,,경상북도교육청,144
R0720,경상북도교육청,한국미래농업고등학교,미래곤충산업과,동물자원과,,,경상북도교육청,145
R0721,경상북도교육청,한국미래농업고등학교,미래농업경영과,원예과,농업과,,경상북도교육청,146
R0722,경상북도교육청,한국미래농업고등학교,스마트식물산업과,원예과,농업과,,경상북도교육청,147
R0723,경상북도교육청,한국철도고등학교,철도운영정보과,경영ㆍ사무과,정보컴퓨터과,,경상북도교육청,149
R0724,경상북도교육청,한국철도고등학교,철도차량기계과,기계과,,,경상북도교육청,150
R0725,경상북도교육청,한국철도고등학교,철도전기신호과,전기과,,,경상북도교육청,151
R0726,광주광역시교육청,광주공업고등학교,스마트기계과,기계과,,,광주광역시교육청,6
R0727,광주광역시교육청,광주공업고등학교,자동화기계과,기계과,,,광주광역시교육청,7
R0728,광주광역시교육청,광주공업고등학교,에너지설비과,산업설비과,,,광주광역시교육청,8
R0729,광주광역시교육청,광주공업고등학교,전기과,전기과,,,광주광역시교육청,9
R0730,광주광역시교육청,광주공업고등학교,전자과,전자과,,,광주광역시교육청,10
R0731,광주광역시교육청,광주공업고등학교,도시공간정보과,토목과,,,광주광역시교육청,11
R0732,광주광역시교육청,광주공업고등학교,건축과,건축시공과,,,광주광역시교육청,12
R0733,광주광역시교육청,광주여자상업고등학교,글로벌비즈니스과,경영·사무과,재무·회계과,,광주광역시교육청,13
R0734,광주광역시교육청,광주여자상업고등학교,스마트재산경영과,경영·사무과,재무·회계과,,광주광역시교육청,14
R0735,광주광역시교육청,광주여자상업고등학교,스마트금융과,금융과,경영·사무과,,광주광역시교육청,15
R0736,광주광역시교육청,광주자연과학고등학교,식물과학과,원예과,,,광주광역시교육청,16
R0737,광주광역시교육청,광주자연과학고등학교,식품과학과,식품가공과,,,광주광역시교육청,17
R0738,광주광역시교육청,광주자연과학고등학교,반려동물과,동물자원과,,,광주광역시교육청,18
R0739,광주광역시교육청,광주자연과학고등학교,조리과학과,조리·식음료과,,,광주광역시교육청,19
R0740,광주광역시교육청,광주전자공업고등학교,전기과,전기과,,,광주광역시교육청,20
R0741,광주광역시교육청,광주전자공업고등학교,전자통신과,전자과,방송·통신과,,광주광역시교육청,21
R0742,광주광역시교육청,광주전자공업고등학교,에너지환경과,화학공업과,환경보건과,,광주광역시교육청,22
R0743,광주광역시교육청,광주전자공업고등학교,디자인과,디자인과,,,광주광역시교육청,23
R0744,광주광역시교육청,광주전자공업고등학교,자동차과,자동차과,,,광주광역시교육청,24
R0745,광주광역시교육청,광주전자공업고등학교,로봇자동화과,기계과,,,광주광역시교육청,25
R0746,광주광역시교육청,금파공업고등학교,항공기계과,기계과,,,광주광역시교육청,26
R0747,광주광역시교육청,금파공업고등학교,제과제빵화공과,화학공업과,,,광주광역시교육청,27
R0748,광주광역시교육청,금파공업고등학교,IoT전기과,전기과,전자과,,광주광역시교육청,28
R0749,광주광역시교육청,동일미래과학고등학교,뷰티디자인과,미용과,,,광주광역시교육청,29
R0750,광주광역시교육청,동일미래과학고등학교,토탈뷰티과,미용과,,,광주광역시교육청,30
R0751,광주광역시교육청,동일미래과학고등학교,스마트팩토리과,전기과,,,광주광역시교육청,31
R0752,광주광역시교육청,서진여자고등학교,간호과,보건간호과,,,광주광역시교육청,32
R0753,광주광역시교육청,서진여자고등학교,생활체육과,관광·레저과,,,광주광역시교육청,33
R0754,광주광역시교육청,서진여자고등학교,시각디자인과,디자인과,,,광주광역시교육청,34
R0755,광주광역시교육청,송원미래인재고등학교 / (송원여자상업고등학교),영상미디어과,문화콘텐츠과,,,광주광역시교육청,35
R0756,광주광역시교육청,송원미래인재고등학교 / (송원여자상업고등학교),스킨테라피과,미용과,,,광주광역시교육청,36
R0757,광주광역시교육청,송원미래인재고등학교 / (송원여자상업고등학교),스마트경영과,경영·사무과,,,광주광역시교육청,37
R0758,광주광역시교육청,송원미래인재고등학교 / (송원여자상업고등학교),메디컬복지과,보건간호과,경영·사무과,,광주광역시교육청,38
R0759,광주광역시교육청,숭의과학기술고등학교,자동차과,자동차과,,,광주광역시교육청,39
R0760,광주광역시교육청,숭의과학기술고등학교,조리제빵과,조리·식음료과,식품가공과,,광주광역시교육청,40
R0761,광주광역시교육청,숭의과학기술고등학교,부사관과,기계과,,,광주광역시교육청,41
R0762,광주광역시교육청,숭의과학기술고등학교,건축인테리어과,건축시공과,,,광주광역시교육청,42
R0763,광주광역시교육청,숭의과학기술고등학교,스마트드론전자과,전자과,,,광주광역시교육청,43
R0764,광주광역시교육청,숭의과학기술고등학교,전기과,전기과,,,광주광역시교육청,44
R0765,광주광역시교육청,전남공업고등학교,기계과,기계과,,,광주광역시교육청,45
R0766,광주광역시교육청,전남공업고등학교,전기과,전기과,,,광주광역시교육청,46
R0767,광주광역시교육청,전남공업고등학교,화장품의약과,화학공업과,,,광주광역시교육청,47
R0768,광주광역시교육청,전남공업고등학교,드론공간정보과,토목과,,,광주광역시교육청,48
R0769,광주광역시교육청,전남공업고등학교,건축과,건축시공과,,,광주광역시교육청,49
R0770,광주광역시교육청,전남공업고등학교,카페베이커리과,식품가공과,,,광주광역시교육청,50
R0771,광주광역시교육청,전남여자상업고등학교,글로벌경영과,경영·사무과,,,광주광역시교육청,51
R0772,광주광역시교육청,전남여자상업고등학교,디자인콘텐츠과,디자인과,,,광주광역시교육청,52
R0773,광주광역시교육청,전남여자상업고등학교,영상콘텐츠과,문화콘텐츠과,,,광주광역시교육청,53
R0774,광주광역시교육청,전남여자상업고등학교,글로벌금융과,금융과,,,광주광역시교육청,54
R0775,대구광역시교육청,대구공업고등학교,자동화기계과,기계과,산업설비과,,대구광역시교육청,6
R0776,대구광역시교육청,대구공업고등학교,친환경자동차과,기계과,자동차과,,대구광역시교육청,7
R0777,대구광역시교육청,대구공업고등학교,건설과,토목과,건축시공과,,대구광역시교육청,8
R0778,대구광역시교육청,대구공업고등학교,스마트전기과,전기과,전자과,,대구광역시교육청,9
R0779,대구광역시교육청,대구공업고등학교,바이오화학과,화학공업과,환경보건과,,대구광역시교육청,10
R0780,대구광역시교육청,대구공업고등학교,스마트융합섬유과,섬유과,의류과,,대구광역시교육청,11
R0781,대구광역시교육청,대구공업고등학교,스마트공간건축과,건축시공과,토목과,,대구광역시교육청,12
R0782,대구광역시교육청,대구공업고등학교 / 테크노폴리스 캠퍼스,IT콘텐츠과(프로그래밍,정보컴퓨터과,문화콘텐츠과,고교학점제 학과내 코스 선택에 따라 세부전공이 나뉨,대구광역시교육청,13
R0783,대구광역시교육청,대구공업고등학교 / 테크노폴리스 캠퍼스,IT콘텐츠과(애니메이션),문화콘텐츠과,정보컴퓨터과,고교학점제 학과내 코스 선택에 따라 세부전공이 나뉨,대구광역시교육청,14
R0784,대구광역시교육청,대구공업고등학교 / 테크노폴리스 캠퍼스,IT콘텐츠과(컴퓨터 활용 생산),기계과,정보컴퓨터과,고교학점제 학과내 코스 선택에 따라 세부전공이 나뉨,대구광역시교육청,15
R0785,대구광역시교육청,대구공업고등학교 / 테크노폴리스 캠퍼스,조리제과제빵과,조리·식음료과,식품가공과,,대구광역시교육청,16
R0786,대구광역시교육청,대구반도체마이스터고등학교 / (구 대구전자공업고등학교),전자과,전자과,전기과,,대구광역시교육청,17
R0787,대구광역시교육청,대구반도체마이스터고등학교 / (구 대구전자공업고등학교),스마트팩토리과,기계과,전자과,,대구광역시교육청,18
R0788,대구광역시교육청,대구반도체마이스터고등학교 / (구 대구전자공업고등학교),전기과,전기과,전자과,,대구광역시교육청,19
R0789,대구광역시교육청,대구반도체마이스터고등학교 / (구 대구전자공업고등학교),시각디자인과,디자인과,문화콘텐츠과,,대구광역시교육청,20
R0790,대구광역시교육청,대구하이텍고등학교,스마트메카닉스과,기계과,ￚ,,대구광역시교육청,21
R0791,대구광역시교육청,대구하이텍고등학교,스마트테크과,기계과,ￚ,,대구광역시교육청,22
R0792,대구광역시교육청,대구하이텍고등학교,IT전자과,전자과,ￚ,,대구광역시교육청,23
R0793,대구광역시교육청,대구하이텍고등학교,인테리어건축과,건축시공과,ￚ,,대구광역시교육청,24
R0794,대구광역시교육청,대구과학기술고등학교,스마트팩토리과,전자과,기계과,,대구광역시교육청,25
R0795,대구광역시교육청,대구과학기술고등학교,자동화시스템과,기계과,ￚ,,대구광역시교육청,26
R0796,대구광역시교육청,대구과학기술고등학교,아트조리과,조리·식음료과,식품가공과,,대구광역시교육청,27
R0797,대구광역시교육청,대구과학기술고등학교,스마트전기과,전기과,ￚ,,대구광역시교육청,28
R0798,대구광역시교육청,대구과학기술고등학교,소재설계가공과,금속재료과,기계과,,대구광역시교육청,29
R0799,대구광역시교육청,대구제일여자상업고등학교,콘텐츠마케팅과,디자인과,문화콘텐츠과,,대구광역시교육청,30
R0800,대구광역시교육청,대구제일여자상업고등학교,회계금융과,재무·회계과,금융과,,대구광역시교육청,31
R0801,대구광역시교육청,대구제일여자상업고등학교,경영사무과,경영·사무과,재무·회계과,,대구광역시교육청,32
R0802,대구광역시교육청,경북공업고등학교,건축그래픽디자인과,건축시공과,디자인과,,대구광역시교육청,33
R0803,대구광역시교육청,경북공업고등학교,전자기계과,기계과,자동차과,,대구광역시교육청,34
R0804,대구광역시교육청,경북공업고등학교,다이텍소재디자인과,섬유과,의류과,,대구광역시교육청,35
R0805,대구광역시교육청,경북공업고등학교,반도체화공과,화학공업과,ￚ,,대구광역시교육청,36
R0806,대구광역시교육청,경북공업고등학교,공간드론토목과,토목과,ￚ,,대구광역시교육청,37
R0807,대구광역시교육청,경북공업고등학교,전자전기과,전자과,전기과,,대구광역시교육청,38
R0808,대구광역시교육청,영남공업고등학교,바이오화공과,화학공업과,환경보건과,,대구광역시교육청,39
R0809,대구광역시교육청,영남공업고등학교,스마트패션콘텐츠과,섬유과,디자인과,,대구광역시교육청,40
R0810,대구광역시교육청,영남공업고등학교,전기정보과,전기과,전자과,,대구광역시교육청,41
R0811,대구광역시교육청,영남공업고등학교,스마트융합제어과,기계과,자동차과,,대구광역시교육청,42
R0812,대구광역시교육청,영남공업고등학교,전자과,전자과,전기과,,대구광역시교육청,43
R0813,대구광역시교육청,경상공업고등학교,전자기계과,기계과,,,대구광역시교육청,44
R0814,대구광역시교육청,경상공업고등학교,전기전자과,전기과,전자과,,대구광역시교육청,45
R0815,대구광역시교육청,경상공업고등학교,건설공간정보과,건축시공과,토목과,,대구광역시교육청,46
R0816,대구광역시교육청,조일고등학교,공군부사관,항공과,전자과,,대구광역시교육청,47
R0817,대구광역시교육청,조일고등학교,항공기계과,항공과,기계과,,대구광역시교육청,48
R0818,대구광역시교육청,조일고등학교,전자기계과,기계과,산업설비과,,대구광역시교육청,49
R0819,대구광역시교육청,조일고등학교,소방안전과,산업안전과,,,대구광역시교육청,50
R0820,대구광역시교육청,조일고등학교,컴퓨터디자인과,정보컴퓨터과,문화콘텐츠과,,대구광역시교육청,51
R0821,대구광역시교육청,조일고등학교,뷰티아트과,미용과,,,대구광역시교육청,52
R0822,대구광역시교육청,대구스마트고등학교 / (구 대중금속공업고등학교),소프트웨어과,정보컴퓨터과,문화콘텐츠과,,대구광역시교육청,53
R0823,대구광역시교육청,대구스마트고등학교 / (구 대중금속공업고등학교),정밀기계과,기계과,,,대구광역시교육청,54
R0824,대구광역시교육청,대구스마트고등학교 / (구 대중금속공업고등학교),자동화기계과,기계과,,,대구광역시교육청,55
R0825,대구광역시교육청,대명고등학교 / (구 대구여자상업고등학교),콘텐츠크리에이터과,디자인과,문화콘텐츠과,,대구광역시교육청,56
R0826,대구광역시교육청,대명고등학교 / (구 대구여자상업고등학교),경영과,경영·사무과,재무·회계과,,대구광역시교육청,57
R0827,대구광역시교육청,대명고등학교 / (구 대구여자상업고등학교),금융과,금융과,경영·사무과,,대구광역시교육청,58
R0828,대구광역시교육청,경북여자상업고등학교,경영사무과,경영･사무과,금융과,,대구광역시교육청,59
R0829,대구광역시교육청,경북여자상업고등학교,금융회계과,재무･회계과,금융과,,대구광역시교육청,60
R0830,대구광역시교육청,경북여자상업고등학교,보건행정코디네이터과,보건간호과,사회복지과,,대구광역시교육청,61
R0831,대구광역시교육청,경북여자상업고등학교,3D융합콘텐츠과,문화콘텐츠과,디자인과,,대구광역시교육청,62
R0832,대구광역시교육청,대구보건고등학교,보건간호과,보건간호과,ￚ,,대구광역시교육청,63
R0833,대구광역시교육청,대구보건고등학교,치의보건간호과,보건간호과,ￚ,,대구광역시교육청,64
R0834,대구광역시교육청,대구보건고등학교,스마트경영과,경영·사무과,재무·회계과,,대구광역시교육청,65
R0835,대구광역시교육청,대구보건고등학교,반려동물케어과,동물자원과,ￚ,,대구광역시교육청,66
R0836,대구광역시교육청,상서고등학교,연예매니지먼트과,문화콘텐츠과,디자인과,,대구광역시교육청,67
R0837,대구광역시교육청,상서고등학교,제과제빵과,식품가공과,ￚ,,대구광역시교육청,68
R0838,대구광역시교육청,상서고등학교,조리과,조리·식음료과,ￚ,,대구광역시교육청,69
R0839,대구광역시교육청,상서고등학교,사무행정과,경영·사무과,재무·회계과,,대구광역시교육청,70
R0840,대구광역시교육청,상서고등학교,뷰티디자인과,미용과,ￚ,,대구광역시교육청,71
R0841,대구광역시교육청,대구관광고등학교,관광호텔과,관광·레저과,조리·식음료과,,대구광역시교육청,72
R0842,대구광역시교육청,대구관광고등학교,관광조리과,조리·식음료과,식품가공과,,대구광역시교육청,73
R0843,대구광역시교육청,대구관광고등학교,관광콘텐츠디자인과,디자인과,문화콘텐츠과,,대구광역시교육청,74
R0844,대구광역시교육청,대구관광고등학교,뷰티코디네이션과,미용과,관광·레저과,,대구광역시교육청,75
R0845,대전광역시교육청,계룡디지텍고등학교,스마트소프트웨어과,정보컴퓨터과,방송·통신과,,대전광역시교육청,6
R0846,대전광역시교육청,계룡디지텍고등학교,정보통신과,정보컴퓨터과,방송·통신과,,대전광역시교육청,7
R0847,대전광역시교육청,계룡디지텍고등학교,스마트제어과,전자과,전기과,,대전광역시교육청,8
R0848,대전광역시교육청,계룡디지텍고등학교,전자과,전자과,전기과,,대전광역시교육청,9
R0849,대전광역시교육청,대전국제통상고등학교,국제통상과(중국무역과정),경영·사무과,재무·회계과,,대전광역시교육청,10
R0850,대전광역시교육청,대전국제통상고등학교,국제통상과(일본무역과정),경영·사무과,재무·회계과,,대전광역시교육청,11
R0851,대전광역시교육청,대전국제통상고등학교,상업정보과(금융정보과정),금융과,경영·사무과,,대전광역시교육청,12
R0852,대전광역시교육청,대전국제통상고등학교,상업정보과(회계정보과정),재무·회계과,경영·사무과,,대전광역시교육청,13
R0853,대전광역시교육청,대전국제통상고등학교,크리에이터과,문화콘텐츠과,방송·통신과,,대전광역시교육청,14
R0854,대전광역시교육청,대전국제통상고등학교,사무행정과,경영·사무과,재무·회계과,,대전광역시교육청,15
R0855,대전광역시교육청,대전국제통상고등학교,뷰티아트과(뷰티아트과정),미용과,경영·사무과,,대전광역시교육청,16
R0856,대전광역시교육청,대전국제통상고등학교,조리제빵과(조리제빵과정),조리·식음료과,식품가공과,,대전광역시교육청,17
R0857,대전광역시교육청,대전대성여자고등학교,경영회계과,경영·사무과,재무·회계과,,대전광역시교육청,18
R0858,대전광역시교육청,대전대성여자고등학교,반려동물산업경영과,동물자원과,,,대전광역시교육청,19
R0859,대전광역시교육청,대전대성여자고등학교,미디어디자인과,디자인과,문화콘텐츠과,,대전광역시교육청,20
R0860,대전광역시교육청,대전대성여자고등학교,외식조리과,조리·식음료과,식품가공과,,대전광역시교육청,21
R0861,대전광역시교육청,대전대성여자고등학교,뷰티디자인과,미용과,,,대전광역시교육청,22
R0862,대전광역시교육청,대전대성여자고등학교,보건간호과,보건간호과,,,대전광역시교육청,23
R0863,대전광역시교육청,대전도시과학고등학교,스마트기계과,기계과,자동차과,,대전광역시교육청,24
R0864,대전광역시교육청,대전도시과학고등학교,친환경자동차과,자동차과,기계과,,대전광역시교육청,25
R0865,대전광역시교육청,대전도시과학고등학교,전기과,전기과,전자과,,대전광역시교육청,26
R0866,대전광역시교육청,대전도시과학고등학교,스마트전자과,전자과,전기과,,대전광역시교육청,27
R0867,대전광역시교육청,대전도시과학고등학교,드론지형정보과,토목과,건축시공과,,대전광역시교육청,28
R0868,대전광역시교육청,대전도시과학고등학교,건축리모델링과,건축시공과,토목과,,대전광역시교육청,29
R0869,대전광역시교육청,대전생활과학고등학교,철도건축시설과,건축시공과,토목과,,대전광역시교육청,30
R0870,대전광역시교육청,대전생활과학고등학교,철도전기신호과,전기과,전자과,,대전광역시교육청,31
R0871,대전광역시교육청,대전생활과학고등학교,바이오케미컬과,화학공업과,,,대전광역시교육청,32
R0872,대전광역시교육청,대전생활과학고등학교,조리제빵과,식품가공과,조리·식음료과,,대전광역시교육청,33
R0873,대전광역시교육청,대전생활과학고등학교,토털뷰티과,미용과,,,대전광역시교육청,34
R0874,대전광역시교육청,대전신일여자고등학교,스토어마케팅과,경영·사무과,재무·회계과,,대전광역시교육청,35
R0875,대전광역시교육청,대전신일여자고등학교,스마트금융과,금융과,재무·회계과,,대전광역시교육청,36
R0876,대전광역시교육청,대전신일여자고등학교,카페베이커리과,조리·식음료과,식품가공과,,대전광역시교육청,37
R0877,대전광역시교육청,대전신일여자고등학교,미디어예술과,문화콘텐츠과,디자인과,,대전광역시교육청,38
R0878,대전광역시교육청,대전신일여자고등학교,만화예술과,문화콘텐츠과,디자인과,,대전광역시교육청,39
R0879,대전광역시교육청,대전신일여자고등학교,디자인과,디자인과,문화콘텐츠과,,대전광역시교육청,40
R0880,대전광역시교육청,대전여자상업고등학교,IT콘텐츠과,재무·회계과,정보컴퓨터과,,대전광역시교육청,41
R0881,대전광역시교육청,대전여자상업고등학교,스마트경영과,경영·사무과,정보컴퓨터과,,대전광역시교육청,42
R0882,대전광역시교육청,대전전자디자인고등학교,제과제빵과,식품가공과,조리·식음료과,,대전광역시교육청,43
R0883,대전광역시교육청,대전전자디자인고등학교,토탈미용과,미용과,,,대전광역시교육청,44
R0884,대전광역시교육청,대전전자디자인고등학교,스마트기계과,기계과,자동차과,,대전광역시교육청,45
R0885,대전광역시교육청,대전전자디자인고등학교,부사관과,전기과,전자과,,대전광역시교육청,46
R0886,대전광역시교육청,대전전자디자인고등학교,드론전자과,전자과,항공과,,대전광역시교육청,47
R0887,대전광역시교육청,대전전자디자인고등학교,콘텐츠디자인과,디자인과,문화콘텐츠과,,대전광역시교육청,48
R0888,대전광역시교육청,유성생명과학고등학교,생명과학과(원예·화훼장식과정),농업과,원예과,,대전광역시교육청,49
R0889,대전광역시교육청,유성생명과학고등학교,생명과학과(조경과정),농업과,조경과,,대전광역시교육청,50
R0890,대전광역시교육청,유성생명과학고등학교,생명과학과(반려동물과정),동물자원과,농업과,,대전광역시교육청,51
R0891,대전광역시교육청,유성생명과학고등학교,생명과학과(조리제빵과정),식품가공과,조리·식음료과,,대전광역시교육청,52
R0892,대전광역시교육청,유성생명과학고등학교,자동차건설정보과(건설정보과정),농업토목과,토목과,,대전광역시교육청,53
R0893,대전광역시교육청,유성생명과학고등학교,자동차건설정보과(자동차·건설기계과정),농업기계과,자동차과,,대전광역시교육청,54
R0894,대전광역시교육청,유성생명과학고등학교,토탈미용과,미용과,,,대전광역시교육청,55
R0895,대전광역시교육청,유성생명과학고등학교,보건간호과,보건간호과,,,대전광역시교육청,56
R0896,대전광역시교육청,충남기계공업고등학교,스마트융합기계과,기계과,,,대전광역시교육청,57
R0897,대전광역시교육청,충남기계공업고등학교,철도차량과,기계과,전기과,,대전광역시교육청,58
R0898,대전광역시교육청,충남기계공업고등학교,디지털설비과,기계과,산업설비과,,대전광역시교육청,59
R0899,대전광역시교육청,충남기계공업고등학교,기계설계과,기계과,,,대전광역시교육청,60
R0900,대전광역시교육청,충남기계공업고등학교,스마트시티과,건축시공과,토목과,,대전광역시교육청,61
R0901,대전광역시교육청,충남기계공업고등학교,전기과,전기과,,,대전광역시교육청,62
R0902,대전광역시교육청,충남기계공업고등학교,스마트팩토리과,전자과,기계과,,대전광역시교육청,63
R0903,부산광역시교육청,경남공업고등학교,기계과,기계과,,,부산광역시교육청,6
R0904,부산광역시교육청,경남공업고등학교,화학공업과,화학공업과,,,부산광역시교육청,7
R0905,부산광역시교육청,경남공업고등학교,건축토목과,토목과,건축시공과,,부산광역시교육청,8
R0906,부산광역시교육청,경남공업고등학교,전기전자과,전기과,전자과,,부산광역시교육청,9
R0907,부산광역시교육청,경남공업고등학교,신소재디자인과,디자인과,섬유과,,부산광역시교육청,10
R0908,부산광역시교육청,경성전자고등학교,IOT전기과,전기과,정보컴퓨터과,,부산광역시교육청,11
R0909,부산광역시교육청,경성전자고등학교,전자제어과,전자과,정보컴퓨터과,,부산광역시교육청,12
R0910,부산광역시교육청,계성여자고등학교,금융서비스과,금융과,경영·사무과,,부산광역시교육청,13
R0911,부산광역시교육청,계성여자고등학교,마케팅서비스과,유통과,문화콘텐츠과,,부산광역시교육청,14
R0912,부산광역시교육청,계성여자고등학교,디저트서비스과,식품가공과,조리·식음료과,,부산광역시교육청,15
R0913,부산광역시교육청,금샘고등학교,전자시스템과,전자과,전기과,,부산광역시교육청,16
R0914,부산광역시교육청,금샘고등학교,컴퓨터소프트웨어과,정보컴퓨터과,방송·통신과,,부산광역시교육청,17
R0915,부산광역시교육청,금샘고등학교,콘텐츠디자인과,디자인과,문화콘텐츠과,,부산광역시교육청,18
R0916,부산광역시교육청,대광고등학교,3D프린팅과,기계과,디자인과,,부산광역시교육청,19
R0917,부산광역시교육청,대광고등학교,VR콘텐츠과,문화콘텐츠과,디자인과,,부산광역시교육청,20
R0918,부산광역시교육청,대광고등학교,뷰티아트과,미용과,,,부산광역시교육청,21
R0919,부산광역시교육청,대양고등학교,e스포츠과,졍보컴퓨터과,디자인과,,부산광역시교육청,22
R0920,부산광역시교육청,대양고등학교,IT네트워크과,정보컴퓨터과,전자과,,부산광역시교육청,23
R0921,부산광역시교육청,대양고등학교,전기전자과,전자과,정보컴퓨터과,,부산광역시교육청,24
R0922,부산광역시교육청,대진전자통신고등학교,전기전자과,전자과,전기과,,부산광역시교육청,25
R0923,부산광역시교육청,대진전자통신고등학교,컴퓨터소프트웨어과,정보컴퓨터과,방송통신과,,부산광역시교육청,26
R0924,부산광역시교육청,대진전자통신고등학교,스마트콘텐츠과,문화콘텐츠과,정보컴퓨터과,,부산광역시교육청,27
R0925,부산광역시교육청,대진전자통신고등학교,산업디자인과,디자인과,문화콘텐츠과,,부산광역시교육청,28
R0926,부산광역시교육청,동래원예고등학교,도시조경과,조경과,토목과,,부산광역시교육청,29
R0927,부산광역시교육청,동래원예고등학교,산림자원과,산림자원과,농업과,,부산광역시교육청,30
R0928,부산광역시교육청,동래원예고등학교,도시원예과,원예과,농업과,,부산광역시교육청,31
R0929,부산광역시교육청,동래원예고등학교,화훼장식과,원예과,농업과,,부산광역시교육청,32
R0930,부산광역시교육청,동래원예고등학교,농산업유통과,유통과,농업과,,부산광역시교육청,33
R0931,부산광역시교육청,동래원예고등학교,식품가공과,식품가공과,,,부산광역시교육청,34
R0932,부산광역시교육청,동명공업고등학교,스마트기계과,기계과,금속재료과,,부산광역시교육청,35
R0933,부산광역시교육청,동명공업고등학교,전기전자과,전기과,전자과,,부산광역시교육청,36
R0934,부산광역시교육청,동아공업고등학교,화학공업과,화학공업과,,,부산광역시교육청,37
R0935,부산광역시교육청,동아공업고등학교,기계과,기계과,자동차과,,부산광역시교육청,38
R0936,부산광역시교육청,동아공업고등학교,자동차과,자동차과,기계과,,부산광역시교육청,39
R0937,부산광역시교육청,동의고등학교,기계과,기계과,,,부산광역시교육청,40
R0938,부산광역시교육청,동의고등학교,전기과,전기과,,,부산광역시교육청,41
R0939,부산광역시교육청,동의고등학교,건축토목과,건축시공과,토목과,,부산광역시교육청,42
R0940,부산광역시교육청,배정미래고등학교,미용과,미용과,,,부산광역시교육청,43
R0941,부산광역시교육청,배정미래고등학교,디자인과,디자인과,문화콘텐츠과,,부산광역시교육청,44
R0942,부산광역시교육청,배정미래고등학교,보건간호과,보건간호과,사회복지과,,부산광역시교육청,45
R0943,부산광역시교육청,부산공업고등학교,기계과,기계과,,,부산광역시교육청,46
R0944,부산광역시교육청,부산공업고등학교,전기과,전기과,전자과,,부산광역시교육청,47
R0945,부산광역시교육청,부산공업고등학교,건축토목과,토목과,건축시공과,,부산광역시교육청,48
R0946,부산광역시교육청,부산관광고등학교,관광컨벤션과,관광·레저과,경영·사무과,,부산광역시교육청,49
R0947,부산광역시교육청,부산관광고등학교,한식조리과,조리·식음료과,관광·레저과,,부산광역시교육청,50
R0948,부산광역시교육청,부산관광고등학교,카페베이커리과,식품가공과,관광·레저과,,부산광역시교육청,51
R0949,부산광역시교육청,부산디지털고등학교,소방안전과,전기과,산업안전과,,부산광역시교육청,52
R0950,부산광역시교육청,부산디지털고등학교,전자부사관과,전자과,전기과,,부산광역시교육청,53
R0951,부산광역시교육청,부산디지털고등학교,디지털전자과,전자과,전기과,,부산광역시교육청,54
R0952,부산광역시교육청,부산마케팅고등학교,금융정보과,경영. 사무과,금융과,,부산광역시교육청,55
R0953,부산광역시교육청,부산마케팅고등학교,관광서비스과,관광. 레저과,조리.식음료과,,부산광역시교육청,56
R0954,부산광역시교육청,부산마케팅고등학교,보건간호과,보건간호과,사회복지학과,,부산광역시교육청,57
R0955,부산광역시교육청,부산마케팅고등학교,스포츠건강관리과,체육교육과,사회체육학과,,부산광역시교육청,58
R0956,부산광역시교육청,부산문화여자고등학교,국제관광과,관광·레저과,조리·식음료과,,부산광역시교육청,59
R0957,부산광역시교육청,부산문화여자고등학교,유아교육과,보육과,사회복지과,,부산광역시교육청,60
R0958,부산광역시교육청,부산문화여자고등학교,패션디자인과,디자인과,의류과,,부산광역시교육청,61
R0959,부산광역시교육청,부산문화여자고등학교,보건간호과,보건간호과,사회복지과,,부산광역시교육청,62
R0960,부산광역시교육청,부산보건고등학교,IT경영과,경영·사무과,재무·회계과,,부산광역시교육청,63
R0961,부산광역시교육청,부산보건고등학교,푸드디저트과,조리·식음료과,식품가공과,,부산광역시교육청,64
R0962,부산광역시교육청,부산보건고등학교,보건간호과,보건간호과,사회복지과,,부산광역시교육청,65
R0963,부산광역시교육청,부산여자상업고등학교,무역금융과,유통과,금융과,,부산광역시교육청,66
R0964,부산광역시교육청,부산여자상업고등학교,IT사무행정과,경영·사무과,재무·회계과,,부산광역시교육청,67
R0965,부산광역시교육청,부산여자상업고등학교,마케팅크리에이터과,디자인과,경영·사무과,,부산광역시교육청,68
R0966,부산광역시교육청,부산영상예술고등학교,영상제작과,문화콘텐츠과,디자인과,,부산광역시교육청,69
R0967,부산광역시교육청,부산영상예술고등학교,영상연출과,문화콘텐츠과,디자인과,,부산광역시교육청,70
R0968,부산광역시교육청,부산영상예술고등학교,연기과,문화콘텐츠과,디자인과,,부산광역시교육청,71
R0969,부산광역시교육청,부산영상예술고등학교,영상디자인과,문화콘텐츠과,디자인과,,부산광역시교육청,72
R0970,부산광역시교육청,부산전자공업고등학교,전기전자과,전기과,전자과,,부산광역시교육청,73
R0971,부산광역시교육청,부산전자공업고등학교,전자통신과,전기과,전자과,,부산광역시교육청,74
R0972,부산광역시교육청,부산전자공업고등학교,기계자동차과,기계과,자동차과,,부산광역시교육청,75
R0973,부산광역시교육청,부산정보고등학교,경영금융과,금융과,경영·사무과,,부산광역시교육청,76
R0974,부산광역시교육청,부산정보고등학교,경영회계과,재무·회계과,경영·사무과,,부산광역시교육청,77
R0975,부산광역시교육청,부산정보고등학교,관광서비스과,관광·레저과,경영·사무과,,부산광역시교육청,78
R0976,부산광역시교육청,부산정보고등학교,소프트웨어컨텐츠과,정보컴퓨터과,문화콘텐츠과,,부산광역시교육청,79
R0977,부산광역시교육청,부산정보관광고등학교,호텔경영과,관광·레저과,경영·사무과,,부산광역시교육청,80
R0978,부산광역시교육청,부산정보관광고등학교,호텔조리과,조리·식음료과,식품가공과,,부산광역시교육청,81
R0979,부산광역시교육청,부산진여자상업고등학교,유통경영과,경영·사무과,재무·회계과,,부산광역시교육청,82
R0980,부산광역시교육청,부산진여자상업고등학교,금융경영과,경영·사무과,재무·회계과,,부산광역시교육청,83
R0981,부산광역시교육청,부산컴퓨터과학고등학교,소프트웨어과,경영·사무과,정보컴퓨터과,,부산광역시교육청,84
R0982,부산광역시교육청,부산컴퓨터과학고등학교,사물인터넷과,경영·사무과,정보컴퓨터과,,부산광역시교육청,85
R0983,부산광역시교육청,부산컴퓨터과학고등학교,e스포츠게임과,경영·사무과,문화콘텐츠과,,부산광역시교육청,86
R0984,부산광역시교육청,부산컴퓨터과학고등학교,서비스마케팅과,경영·사무과,정보컴퓨터과,,부산광역시교육청,87
R0985,부산광역시교육청,부산컴퓨터과학고등학교,3D콘텐츠제작과,디자인과,문화콘텐츠과,,부산광역시교육청,88
R0986,부산광역시교육청,부일전자디자인고등학교,전기전자과,전기과,전자과,,부산광역시교육청,89
R0987,부산광역시교육청,부일전자디자인고등학교,컴퓨터과,정보컴퓨터과,방송·통신과,,부산광역시교육청,90
R0988,부산광역시교육청,부일전자디자인고등학교,디자인과,디자인과,문화콘텐츠과,,부산광역시교육청,91
R0989,부산광역시교육청,부산항공고등학교,항공정비과,항공과,기계과,,부산광역시교육청,92
R0990,부산광역시교육청,부산항공고등학교,항공기계과,항공과,기계과,,부산광역시교육청,93
R0991,부산광역시교육청,부산항공고등학교,항공전기전자과,항공과,전기과,,부산광역시교육청,94
R0992,부산광역시교육청,세연고등학교,웹툰콘텐츠과,문화콘텐츠과,디자인과,,부산광역시교육청,95
R0993,부산광역시교육청,세연고등학교,반려동물과,동물자원과,농업과,,부산광역시교육청,96
R0994,부산광역시교육청,세연고등학교,카페경영과,조리·식음료과,관광·레저과,,부산광역시교육청,97
R0995,부산광역시교육청,세연고등학교,외식베이커리과,식품가공과,조리·식음료과,,부산광역시교육청,98
R0996,부산광역시교육청,세정고등학교,금융정보과,경영·사무과,판매과,,부산광역시교육청,99
R0997,부산광역시교육청,세정고등학교,외식조리과,조리·식음료과,식품가공과,,부산광역시교육청,100
R0998,부산광역시교육청,세정고등학교,보건간호과,보건간호과,,,부산광역시교육청,101
R0999,부산광역시교육청,영산고등학교,글로벌조리과,조리·식음료과,식품가공과,,부산광역시교육청,102
R1000,부산광역시교육청,영산고등학교,보건간호과,보건간호과,사회복지과,,부산광역시교육청,103
R1001,부산광역시교육청,영산고등학교,사무경영과,경영·사무과,재무·회계과,,부산광역시교육청,104
R1002,부산광역시교육청,부산해군과학기술고등학교,기계과,기계과,산업설비과,,부산광역시교육청,105
R1003,부산광역시교육청,부산해군과학기술고등학교,전기전자과,전기과,전자과,,부산광역시교육청,106
R1004,부산광역시교육청,해운대관광고등학교,관광경영과,경영·사무과,관광·레저과,,부산광역시교육청,107
R1005,부산광역시교육청,해운대관광고등학교,관광조리과,조리·식음료과,식품가공과,,부산광역시교육청,108
R1006,부산광역시교육청,해운대관광고등학교,관광외국어과,관광·레저과,경영·사무과,,부산광역시교육청,109
R1007,서울특별시교육청,서울디지털콘텐츠고등학교,건축과,건축시공과,토목과,,서울특별시교육청,6
R1008,서울특별시교육청,서울디지털콘텐츠고등학교,바이오환경에너지과,화학공업과,환경보건과,,서울특별시교육청,7
R1009,서울특별시교육청,서울디지털콘텐츠고등학교,스마트정보통신과,정보컴퓨터과,전자과,,서울특별시교육청,8
R1010,서울특별시교육청,서울디지털콘텐츠고등학교,VR콘텐츠디자인과,디자인과,문화콘텐츠과,,서울특별시교육청,9
R1011,서울특별시교육청,경기기계공업고등학교,자동화기계과,기계과,자동차과,,서울특별시교육청,10
R1012,서울특별시교육청,경기기계공업고등학교,하이텍융합기계과,기계과,전자과,,서울특별시교육청,11
R1013,서울특별시교육청,경기기계공업고등학교,3D융합설계과,기계과,항공과,,서울특별시교육청,12
R1014,서울특별시교육청,경기기계공업고등학교,항공드론과,기계과,전자과,,서울특별시교육청,13
R1015,서울특별시교육청,경기기계공업고등학교,스마트설비과,기계과,산업안전과,,서울특별시교육청,14
R1016,서울특별시교육청,경기기계공업고등학교,산업안전제철과,기계과,금속재료과,,서울특별시교육청,15
R1017,서울특별시교육청,경기기계공업고등학교,스마트팩토리과,기계과,전자과,,서울특별시교육청,16
R1018,서울특별시교육청,경기기계공업고등학교,전기제어과,전기과,전자과,,서울특별시교육청,17
R1019,서울특별시교육청,경기기계공업고등학교,컴퓨터전자과,전자과,전기과,,서울특별시교육청,18
R1020,서울특별시교육청,경기상업고등학교,경찰행정과,경영·사무과,재무·회계과,,서울특별시교육청,19
R1021,서울특별시교육청,경기상업고등학교,부사관행정과,경영·사무과,재무·회계과,,서울특별시교육청,20
R1022,서울특별시교육청,경기상업고등학교,공공행정과,경영·사무과,재무·회계과,,서울특별시교육청,21
R1023,서울특별시교육청,경기상업고등학교,스포츠경영과,관광·레저과,경영·사무과,,서울특별시교육청,22
R1024,서울특별시교육청,경기상업고등학교,뷰티디자인과,미용과,경영·사무과,,서울특별시교육청,23
R1025,서울특별시교육청,경기상업고등학교,크리에이터과,문화콘텐츠과,방송·통신과,,서울특별시교육청,24
R1026,서울특별시교육청,경복비즈니스고등학교,국제관광비즈니스과,경영·사무과,관광·레저과,,서울특별시교육청,25
R1027,서울특별시교육청,경복비즈니스고등학교,국제통상과,경영·사무과,정보컴퓨터과,,서울특별시교육청,26
R1028,서울특별시교육청,경복비즈니스고등학교,IT비즈니스과,경영·사무과,정보컴퓨터과,,서울특별시교육청,27
R1029,서울특별시교육청,경복비즈니스고등학교,콘텐츠디자인과,디자인과,문화콘텐츠과,,서울특별시교육청,28
R1030,서울특별시교육청,고명외식고등학교,외식경영과,경영·사무과,조리·식음료과,,서울특별시교육청,29
R1031,서울특별시교육청,고명외식고등학교,디저트제과경영과,경영·사무과,식품가공과,,서울특별시교육청,30
R1032,서울특별시교육청,고명외식고등학교,카페경영과,경영·사무과,조리·식음료과,,서울특별시교육청,31
R1033,서울특별시교육청,고명외식고등학교,국제관광과,관광·레저과,조리·식음료과,,서울특별시교육청,32
R1034,서울특별시교육청,광신방송예술고등학교,만화영상과,문화콘텐츠과,디자인과,,서울특별시교육청,33
R1035,서울특별시교육청,광신방송예술고등학교,방송영상과,문화콘텐츠과,경영·사무과,,서울특별시교육청,34
R1036,서울특별시교육청,광신방송예술고등학교,미디어메이크업아티스트과,미용과,문화콘텐츠과,,서울특별시교육청,35
R1037,서울특별시교육청,광신방송예술고등학교,연예엔터테인먼트과,문화콘텐츠과,경영·사무과,,서울특별시교육청,36
R1038,서울특별시교육청,광운인공지능고등학교,인공지능컴퓨팅과,정보컴퓨터과,전자과,,서울특별시교육청,37
R1039,서울특별시교육청,광운인공지능고등학교,전자융합과,전자과,문화콘텐츠과,,서울특별시교육청,38
R1040,서울특별시교육청,광운인공지능고등학교,네트워크통신과,방송·통신과,정보컴퓨터과,,서울특별시교육청,39
R1041,서울특별시교육청,광운인공지능고등학교,인공지능전기과,전기과,정보컴퓨터과,,서울특별시교육청,40
R1042,서울특별시교육청,광운인공지능고등학교,인공지능소프트웨어과,정보컴퓨터과,문화콘텐츠과,,서울특별시교육청,41
R1043,서울특별시교육청,단국대학교부속소프트웨어고등학교,인공지능 소프트웨어과,정보컴퓨터과,방송·통신과,,서울특별시교육청,42
R1044,서울특별시교육청,단국대학교부속소프트웨어고등학교,사물인터넷 소프트웨어과,정보컴퓨터과,방송·통신과,,서울특별시교육청,43
R1045,서울특별시교육청,단국대학교부속소프트웨어고등학교,게임 콘텐츠과,정보컴퓨터과,방송·통신과,,서울특별시교육청,44
R1046,서울특별시교육청,대경생활과학고등학교,방송공연콘텐츠과,문화콘텐츠과,,,서울특별시교육청,45
R1047,서울특별시교육청,대경생활과학고등학교,핀테크경영과,경영·사무과,정보컴퓨터과,,서울특별시교육청,46
R1048,서울특별시교육청,대경생활과학고등학교,S/W디자인과,정보컴퓨터과,디자인과,,서울특별시교육청,47
R1049,서울특별시교육청,대경생활과학고등학교,푸드조리디자인과,조리·식음료과,식품가공과,,서울특별시교육청,48
R1050,서울특별시교육청,대동세무고등학교,세무회계과,경영·사무과,정보컴퓨터과,,서울특별시교육청,49
R1051,서울특별시교육청,대동세무고등학교,관세무역과,경영·사무과,정보컴퓨터과,,서울특별시교육청,50
R1052,서울특별시교육청,대동세무고등학교,세무행정과,경영·사무과,정보컴퓨터과,,서울특별시교육청,51
R1053,서울특별시교육청,대일관광고등학교,호텔항공과,관광·레저과,경영·사무과,,서울특별시교육청,52
R1054,서울특별시교육청,대일관광고등학교,베이커리디저트과,조리·식음료과,관광·레저과,,서울특별시교육청,53
R1055,서울특별시교육청,대일관광고등학교,외식산업과,조리·식음료과,관광·레저과,,서울특별시교육청,54
R1056,서울특별시교육청,대일관광고등학교,뷰티아트과,미용과,,,서울특별시교육청,55
R1057,서울특별시교육청,대진디자인고등학교,시각디자인과,디자인과,문화콘텐츠과,,서울특별시교육청,56
R1058,서울특별시교육청,대진디자인고등학교,인테리어디자인과,건축시공과,디자인과,,서울특별시교육청,57
R1059,서울특별시교육청,대진디자인고등학교,메타버스디자인과,정보컴퓨터과,문화콘텐츠과,,서울특별시교육청,58
R1060,서울특별시교육청,덕일전자공업고등학교,전자시스템제어과,전자과,전기과,,서울특별시교육청,59
R1061,서울특별시교육청,덕일전자공업고등학교,전자과,전자과,전기과,,서울특별시교육청,60
R1062,서울특별시교육청,덕일전자공업고등학교,로봇드론과,전자과,기계과,,서울특별시교육청,61
R1063,서울특별시교육청,동명생활경영고등학교,뷰티아트과,미용과,경영·사무과,,서울특별시교육청,62
R1064,서울특별시교육청,동명생활경영고등학교,영유아보육과,보육과,사회복지과,,서울특별시교육청,63
R1065,서울특별시교육청,리라아트고등학교,영상음악콘텐츠과,문화콘텐츠과,,,서울특별시교육청,64
R1066,서울특별시교육청,리라아트고등학교,건강과학과,관광·레저과,해양레저과,,서울특별시교육청,65
R1067,서울특별시교육청,미래산업과학고등학교,메이커창작과,정보컴퓨터과,전자과,,서울특별시교육청,66
R1068,서울특별시교육청,미래산업과학고등학교,컴퓨터특허과,정보컴퓨터과,문화콘텐츠과,,서울특별시교육청,67
R1069,서울특별시교육청,미래산업과학고등학교,인공지능콘텐츠과,정보컴퓨터과,경영·사무과,,서울특별시교육청,68
R1070,서울특별시교육청,미래산업과학고등학교,시각디자인과,디자인과,문화콘텐츠과,,서울특별시교육청,69
R1071,서울특별시교육청,상일미디어고등학교,인공지능소프트웨어과,정보컴퓨터과,문화콘텐츠과,,서울특별시교육청,70
R1072,서울특별시교육청,상일미디어고등학교,스마트정보통신과,정보컴퓨터과,전자과,,서울특별시교육청,71
R1073,서울특별시교육청,상일미디어고등학교,디지털미디어디자인과,디자인과,문화콘텐츠과,,서울특별시교육청,72
R1074,서울특별시교육청,상일미디어고등학교,디지털만화영상과,문화콘텐츠과,디자인과,,서울특별시교육청,73
R1075,서울특별시교육청,상일미디어고등학교,바이오푸드과,조리·식음료과,식품가공과,,서울특별시교육청,74
R1076,서울특별시교육청,서서울생활과학고등학교,IT비즈니스,경영·사무과,정보컴퓨터과,,서울특별시교육청,75
R1077,서울특별시교육청,서서울생활과학고등학교,호텔외식조리과,관광·레저과,조리·식음료과,,서울특별시교육청,76
R1078,서울특별시교육청,서서울생활과학고등학교,실용음악과,문화콘텐츠과,,,서울특별시교육청,77
R1079,서울특별시교육청,서서울생활과학고등학교,생활체육과,,,,서울특별시교육청,78
R1080,서울특별시교육청,서서울생활과학고등학교,국제뷰티아트과,미용과,,,서울특별시교육청,79
R1081,서울특별시교육청,서서울생활과학고등학교,국제조리과학과,조리·식음료과,식품가공과,,서울특별시교육청,80
R1082,서울특별시교육청,서서울생활과학고등학교,제과제빵과,식품가공과,,,서울특별시교육청,81
R1083,서울특별시교육청,서울공업고등학교,스마트기계과,기계과,냉동공조과,,서울특별시교육청,82
R1084,서울특별시교육청,서울공업고등학교,스마트용접설비과,산업설비과,냉동공조과,,서울특별시교육청,83
R1085,서울특별시교육청,서울공업고등학교,미래자동차과,자동차과,기계과,,서울특별시교육청,84
R1086,서울특별시교육청,서울공업고등학교,스마트자동화과,기계과,전기과,,서울특별시교육청,85
R1087,서울특별시교육청,서울공업고등학교,친환경에너지전기과,전기과,전자과,,서울특별시교육청,86
R1088,서울특별시교육청,서울공업고등학교,전자과,전자과,전기과,,서울특별시교육청,87
R1089,서울특별시교육청,서울공업고등학교,신재생에너지과,전기과,전자과,,서울특별시교육청,88
R1090,서울특별시교육청,서울공업고등학교,토목건축과,토목과,건축시공과,,서울특별시교육청,89
R1091,서울특별시교육청,서울공업고등학교,바이오화공과,화학공업과,환경보건과,,서울특별시교육청,90
R1092,서울특별시교육청,서울공업고등학교,섬유디자인과,섬유과,의류과,,서울특별시교육청,91
R1093,서울특별시교육청,서울공업고등학교,그래픽아트과,인쇄·출판과,디자인과,,서울특별시교육청,92
R1094,서울특별시교육청,서울공업고등학교,신소재세라믹과,세라믹과,금속재료과,,서울특별시교육청,93
R1095,서울특별시교육청,서울관광고등학교,카페경영과,경영·사무과,조리·식음료과,,서울특별시교육청,94
R1096,서울특별시교육청,서울관광고등학교,관광서비스과,경영·사무과,관광·레저과,,서울특별시교육청,95
R1097,서울특별시교육청,서울관광고등학교,외식조리과,경영·사무과,식품가공과,,서울특별시교육청,96
R1098,서울특별시교육청,서울금융고등학교,금융과,금융과,경영·사무과,,서울특별시교육청,97
R1099,서울특별시교육청,서울금융고등학교,스타트업과,경영·사무과,판매과,,서울특별시교육청,98
R1100,서울특별시교육청,서울금융고등학교,소프트웨어과,방송·통신과,정보컴퓨터과,,서울특별시교육청,99
R1101,서울특별시교육청,서울금융고등학교,브랜딩디자인과,디자인과,문화콘텐츠과,,서울특별시교육청,100
R1102,서울특별시교육청,서울금융고등학교,반려동물과,동물자원과,경영·사무과,,서울특별시교육청,101
R1103,서울특별시교육청,서울동구고등학교,스마트금융경영과,경영·사무과,금융과,,서울특별시교육청,102
R1104,서울특별시교육청,서울동구고등학교,콘텐츠크리에이터과,문화콘텐츠과,디자인과,,서울특별시교육청,103
R1105,서울특별시교육청,서울동구고등학교,디자인과,디자인과,문화콘텐츠과,,서울특별시교육청,104
R1106,서울특별시교육청,서울동구고등학교,공연예술과,문화콘텐츠과,경영·사무과,,서울특별시교육청,105
R1107,서울특별시교육청,서울동산고등학교,보건간호과,보건간호과,사회복지과,,서울특별시교육청,106
R1108,서울특별시교육청,서울동산고등학교,영유아보육과,보육과,사회복지과,,서울특별시교육청,107
R1109,서울특별시교육청,서울동산고등학교,뷰티아트과,미용과,,,서울특별시교육청,108
R1110,서울특별시교육청,서울동산고등학교,외식조리과,조리·식음료과,식품가공과,,서울특별시교육청,109
R1111,서울특별시교육청,서울동산고등학교,음악영상콘텐츠과,문화콘텐츠과,,,서울특별시교육청,110
R1112,서울특별시교육청,서울동산고등학교,스포츠경영과,관광·레저과,경영·사무과,,서울특별시교육청,111
R1113,서울특별시교육청,서울디자인고등학교,패션액세서리디자인과,디자인과,문화콘텐츠과,,서울특별시교육청,112
R1114,서울특별시교육청,서울디자인고등학교,3D건축인테리어과,건축시공과,디자인과,,서울특별시교육청,113
R1115,서울특별시교육청,서울디자인고등학교,크리에이티브디자인과,디자인과,문화콘텐츠과,,서울특별시교육청,114
R1116,서울특별시교육청,서울디자인고등학교,패션디자인과,의류과,디자인과,,서울특별시교육청,115
R1117,서울특별시교육청,서울디자인고등학교,영상디자인과,디자인과,문화콘텐츠과,,서울특별시교육청,116
R1118,서울특별시교육청,서울디자인고등학교,푸드스타일디자인과,조리·식음료과,디자인과,,서울특별시교육청,117
R1119,서울특별시교육청,서울디자인고등학교,사운드뮤직디자인과,문화콘텐츠과,디자인과,,서울특별시교육청,118
R1120,서울특별시교육청,서울디지텍고등학교,게임개발과,문화콘텐츠과,정보컴퓨터과,,서울특별시교육청,119
R1121,서울특별시교육청,서울디지텍고등학교,인공지능소프트웨어과,정보컴퓨터과,문화콘텐츠과,,서울특별시교육청,120
R1122,서울특별시교육청,서울디지텍고등학교,빅데이터과,정보컴퓨터과,문화콘텐츠과,,서울특별시교육청,121
R1123,서울특별시교육청,서울매그넷고등학교,금융세무과,경영·사무과,재무·회계과,,서울특별시교육청,122
R1124,서울특별시교육청,서울매그넷고등학교,관광경영과,조리·식음료과,경영·사무과,,서울특별시교육청,123
R1125,서울특별시교육청,서울매그넷고등학교,베이커리과,조리·식음료과,식품가공과,,서울특별시교육청,124
R1126,서울특별시교육청,서울매그넷고등학교,카페디저트,조리·식음료과,식품가공과,,서울특별시교육청,125
R1127,서울특별시교육청,서울매그넷고등학교,시각디자인,디자인과,문화콘텐츠과,,서울특별시교육청,126
R1128,서울특별시교육청,서울매그넷고등학교,시각애니메니션과,디자인과,문화콘텐츠과,,서울특별시교육청,127
R1129,서울특별시교육청,서울문화고등학교,스마트행정과,경영·사무과,재무·회계과,,서울특별시교육청,128
R1130,서울특별시교육청,서울문화고등학교,광고마케팅과,경영·사무과,문화콘텐츠과,,서울특별시교육청,129
R1131,서울특별시교육청,서울문화고등학교,엔터테인먼트과,문화콘텐츠과,경영·사무과,,서울특별시교육청,130
R1132,서울특별시교육청,서울문화고등학교,스마트소프트웨어과,정보컴퓨터과,문화콘텐츠과,,서울특별시교육청,131
R1133,서울특별시교육청,서울문화고등학교,콘텐츠디자인과,디자인과,문화콘텐츠과,,서울특별시교육청,132
R1134,서울특별시교육청,서울방송고등학교,방송영상과,문화콘텐츠과,디자인과,,서울특별시교육청,133
R1135,서울특별시교육청,서울방송고등학교,미디어콘텐츠과,문화콘텐츠과,디자인과,,서울특별시교육청,134
R1136,서울특별시교육청,서울방송고등학교,방송시스템과,문화콘텐츠과,전기과,,서울특별시교육청,135
R1137,서울특별시교육청,서울방송고등학교,방송연예공연과,문화콘텐츠과,관광·레저과,,서울특별시교육청,136
R1138,서울특별시교육청,서울신정고등학교,웹크리에이터과,디자인과,문화콘텐츠과,,서울특별시교육청,137
R1139,서울특별시교육청,서울신정고등학교,생활체육과,,,,서울특별시교육청,138
R1140,서울특별시교육청,서울신정고등학교,푸드조리과,조리〮식음료과,,,서울특별시교육청,139
R1141,서울특별시교육청,서울신정고등학교,베이커리과,식품가공과,,,서울특별시교육청,140
R1142,서울특별시교육청,서울아이티고등학교,컴퓨터전기전자과,전기과,전자과,,서울특별시교육청,141
R1143,서울특별시교육청,서울아이티고등학교,네트워크보안솔루션과,정보컴퓨터과,방송·통신과,,서울특별시교육청,142
R1144,서울특별시교육청,서울아이티고등학교,애니메이션디자인과,문화콘텐츠과,디자인과,,서울특별시교육청,143
R1145,서울특별시교육청,서울아이티고등학교,스마트웹콘텐츠과,문화콘텐츠과,디자인과,,서울특별시교육청,144
R1146,서울특별시교육청,서울아이티고등학교,3D모델링과,기계과,디자인과,,서울특별시교육청,145
R1147,서울특별시교육청,서울아이티고등학교,스마트융합스포츠과,관광·레저과,,,서울특별시교육청,146
R1148,서울특별시교육청,서울여자상업고등학교,금융경제과,경영·사무과,금융과,,서울특별시교육청,147
R1149,서울특별시교육청,서울여자상업고등학교,국제통상과,경영·사무과,유통과,,서울특별시교육청,148
R1150,서울특별시교육청,서울여자상업고등학교,재무경영과,경영·사무과,재무·회계과,,서울특별시교육청,149
R1151,서울특별시교육청,서울영상고등학교,영상콘텐츠과,문화콘텐츠과,경영·사무과,,서울특별시교육청,150
R1152,서울특별시교육청,서울영상고등학교,영상미디어과,문화콘텐츠과,경영·사무과,,서울특별시교육청,151
R1153,서울특별시교육청,서울영상고등학교,영상프로듀스과,문화콘텐츠과,경영·사무과,,서울특별시교육청,152
R1154,서울특별시교육청,서울웹툰애니메이션고등학교,웹툰과,문화콘텐츠과,디자인과,,서울특별시교육청,153
R1155,서울특별시교육청,서울웹툰애니메이션고등학교,애니메이션과,문화콘텐츠과,디자인과,,서울특별시교육청,154
R1156,서울특별시교육청,서울웹툰애니메이션고등학교,게임콘텐츠과,문화콘텐츠과,디자인과,,서울특별시교육청,155
R1157,서울특별시교육청,서울의료보건고등학교,보건간호학과,보건간호학과,사회복지학과,,서울특별시교육청,156
R1158,서울특별시교육청,서울인공지능고등학교,AI컴퓨터과,정보컴퓨터과,전자과,,서울특별시교육청,157
R1159,서울특별시교육청,서울인공지능고등학교,AI전자과,전자과,정보컴퓨터과,,서울특별시교육청,158
R1160,서울특별시교육청,서울인공지능고등학교,전기에너지과,전기과,전자과,,서울특별시교육청,159
R1161,서울특별시교육청,서울인공지능고등학교,하이텍디자인과,디자인과,문화콘텐츠과,,서울특별시교육청,160
R1162,서울특별시교육청,서울정화고등학교,부사관과,경영·사무과,재무·회계과,,서울특별시교육청,161
R1163,서울특별시교육청,서울정화고등학교,방송연예콘텐츠과,문화콘텐츠과,경영·사무과,,서울특별시교육청,162
R1164,서울특별시교육청,서울정화고등학교,카페베이커리과,식품가공과,경영·사무과,,서울특별시교육청,163
R1165,서울특별시교육청,서울정화고등학교,뷰티디자인과,미용과,경영·사무과,,서울특별시교육청,164
R1166,서울특별시교육청,서울컨벤션고등학교,미디어사운드과,문화콘텐츠과,디자인과,,서울특별시교육청,165
R1167,서울특별시교육청,서울컨벤션고등학교,베이커리카페과,조리·식음료과,경영·사무과,,서울특별시교육청,166
R1168,서울특별시교육청,서울컨벤션고등학교,컨벤션외식조리과,조리·식음료과,경영·사무과,,서울특별시교육청,167
R1169,서울특별시교육청,서울컨벤션고등학교,관광레저과,관광·레저과,경영·사무과,,서울특별시교육청,168
R1170,서울특별시교육청,서울백영고등학교,항공비즈니스,경영·사무과,관광·레저과,,서울특별시교육청,169
R1171,서울특별시교육청,서울백영고등학교,방송영상,문화콘텐츠과,경영·사무과,,서울특별시교육청,170
R1172,서울특별시교육청,서울백영고등학교,미디어콘텐츠,문화콘텐츠과,경영·사무과,,서울특별시교육청,171
R1173,서울특별시교육청,서울백영고등학교,웹툰제작,문화콘텐츠과,경영·사무과,,서울특별시교육청,172
R1174,서울특별시교육청,서울백영고등학교,국제조리,조리·식음료과,경영·사무과,,서울특별시교육청,173
R1175,서울특별시교육청,서울백영고등학교,디저트제과제빵,조리·식음료과,경영·사무과,,서울특별시교육청,174
R1176,서울특별시교육청,서일문화예술고등학교,외식베이커리과,식품가공과,조리·식음료과,,서울특별시교육청,175
R1177,서울특별시교육청,서일문화예술고등학교,뮤지컬연기과,문화콘텐츠과,디자인과,,서울특별시교육청,176
R1178,서울특별시교육청,선린인터넷고등학교,정보보호과,정보컴퓨터과,문화콘텐츠과,,서울특별시교육청,177
R1179,서울특별시교육청,선린인터넷고등학교,소프트웨어과,정보컴퓨터과,문화콘텐츠과,,서울특별시교육청,178
R1180,서울특별시교육청,선린인터넷고등학교,IT경영과,경영·사무과,정보컴퓨터과,,서울특별시교육청,179
R1181,서울특별시교육청,선린인터넷고등학교,콘텐츠디자인과,문화콘텐츠과,정보컴퓨터과,,서울특별시교육청,180
R1182,서울특별시교육청,선일빅데이터고등학교,웹툰일러스트과,문화콘텐츠과,경영･사무과,,서울특별시교육청,181
R1183,서울특별시교육청,선일빅데이터고등학교,방송미디어과,문화콘텐츠과,경영･사무과,,서울특별시교육청,182
R1184,서울특별시교육청,선일빅데이터고등학교,빅데이터마케팅과,경영･사무과,정보컴퓨터과,,서울특별시교육청,183
R1185,서울특별시교육청,선일빅데이터고등학교,쇼핑라이브과,경영･사무과,정보컴퓨터과,,서울특별시교육청,184
R1186,서울특별시교육청,선정국제관광고등학교,호텔항공과,관광·레저과,경영·사무과,,서울특별시교육청,185
R1187,서울특별시교육청,선정국제관광고등학교,관광콘텐츠과,문화콘텐츠과,관광·레저과,,서울특별시교육청,186
R1188,서울특별시교육청,선정국제관광고등학교,간호과,보건간호과,사회복지과,,서울특별시교육청,187
R1189,서울특별시교육청,성동공업고등학교,소방안전기계과,기계과,산업안전과,,서울특별시교육청,188
R1190,서울특별시교육청,성동공업고등학교,소방시설관리과,기계과,산업설비과,,서울특별시교육청,189
R1191,서울특별시교육청,성동공업고등학교,스마트팩토리과,기계과,전기과,,서울특별시교육청,190
R1192,서울특별시교육청,성동공업고등학교,전기과,전기과,전자과,,서울특별시교육청,191
R1193,서울특별시교육청,성동공업고등학교,전자과,전자과,전기과,,서울특별시교육청,192
R1194,서울특별시교육청,성동공업고등학교,도시건축디자인과,건축시공과,토목과,,서울특별시교육청,193
R1195,서울특별시교육청,성동공업고등학교,패션주얼리디자인과,디자인과,공예과,,서울특별시교육청,194
R1196,서울특별시교육청,성동글로벌경영고등학교,반려동물케어과,동물자원과,경영·사무과,,서울특별시교육청,195
R1197,서울특별시교육청,성동글로벌경영고등학교,세무행정과,경영·사무과,재무·회계과,,서울특별시교육청,196
R1198,서울특별시교육청,성동글로벌경영고등학교,문화콘텐츠디자인과,디자인과,문화콘텐츠과,,서울특별시교육청,197
R1199,서울특별시교육청,성동글로벌경영고등학교,패션디자인과,의류과,섬유과,,서울특별시교육청,198
R1200,서울특별시교육청,성암국제무역고등학교,미주무역과,경영·사무과,관광·레저과,,서울특별시교육청,199
R1201,서울특별시교육청,성암국제무역고등학교,중국무역과,경영·사무과,관광·레저과,,서울특별시교육청,200
R1202,서울특별시교육청,성암국제무역고등학교,일본무역과,경영·사무과,관광·레저과,,서울특별시교육청,201
R1203,서울특별시교육청,성암국제무역고등학교,국제문화콘텐츠과,디자인과,문화콘텐츠과,,서울특별시교육청,202
R1204,서울특별시교육청,세그루패션디자인고등학교,비주얼MD과,디자인과,섬유과,,서울특별시교육청,203
R1205,서울특별시교육청,세그루패션디자인고등학교,미디어디자인과,디자인과,문화콘텐츠과,,서울특별시교육청,204
R1206,서울특별시교육청,세그루패션디자인고등학교,패션제품디자인과,디자인과,문화콘텐츠과,,서울특별시교육청,205
R1207,서울특별시교육청,세그루패션디자인고등학교,의상패션디자인과,의류과,섬유과,,서울특별시교육청,206
R1208,서울특별시교육청,세명컴퓨터고등학교,스마트보안솔루션과,정보컴퓨터과,방송･통신과,,서울특별시교육청,207
R1209,서울특별시교육청,세명컴퓨터고등학교,모빌리티메이커과,전자과,전기과,,서울특별시교육청,208
R1210,서울특별시교육청,세명컴퓨터고등학교,인공지능소프트웨어과,정보컴퓨터과,문화콘텐츠과,,서울특별시교육청,209
R1211,서울특별시교육청,세명컴퓨터고등학교,게임소프트웨어과,문화콘텐츠과,정보컴퓨터과,,서울특별시교육청,210
R1212,서울특별시교육청,송곡관광고등학교,조리과학과,조리·식음료과,,,서울특별시교육청,211
R1213,서울특별시교육청,송곡관광고등학교,호텔관광과,관광·레저과,조리·식음료과,,서울특별시교육청,212
R1214,서울특별시교육청,신진과학기술고등학교,미래자동차과,자동차과,기계과,,서울특별시교육청,213
R1215,서울특별시교육청,신진과학기술고등학교,스마트건설과,토목과,건축시공과,,서울특별시교육청,214
R1216,서울특별시교육청,신진과학기술고등학교,인공지능자동화과,전기과,전자과,,서울특별시교육청,215
R1217,서울특별시교육청,신진과학기술고등학교,호텔조리과,조리·식음료과,조리·식음료과,,서울특별시교육청,216
R1218,서울특별시교육청,염광메디텍고등학교,메디컬뷰티과,미용과,경영·사무과,,서울특별시교육청,217
R1219,서울특별시교육청,염광메디텍고등학교,바이오코스메틱과,화학공업과,환경보건과,,서울특별시교육청,218
R1220,서울특별시교육청,염광메디텍고등학교,보건간호과,보건간호과,사회복지과,,서울특별시교육청,219
R1221,서울특별시교육청,영등포공업고등학교,공간디자인과,디자인과,건축시공과,,서울특별시교육청,220
R1222,서울특별시교육청,영등포공업고등학교,스마트전기과,전기과,정보컴퓨터과,,서울특별시교육청,221
R1223,서울특별시교육청,영등포공업고등학교,스마트기계과,기계과,,,서울특별시교육청,222
R1224,서울특별시교육청,영등포공업고등학교,스포츠과학시설과,산업안전과,,,서울특별시교육청,223
R1225,서울특별시교육청,영락의료과학고등학교,의료IT과,전자과,전기과,,서울특별시교육청,224
R1226,서울특별시교육청,영락의료과학고등학교,건강과학과,관광·레저과,,,서울특별시교육청,225
R1227,서울특별시교육청,영락의료과학고등학교,의료비즈니스과,경영·사무과,재무·회계과,,서울특별시교육청,226
R1228,서울특별시교육청,영락의료과학고등학교,의료미용과,미용과,,,서울특별시교육청,227
R1229,서울특별시교육청,영락의료과학고등학교,보건간호과,보건간호과,사회복지과,,서울특별시교육청,228
R1230,서울특별시교육청,영신간호비즈니스고등학교,보건간호과,보건간호과,,,서울특별시교육청,229
R1231,서울특별시교육청,영신간호비즈니스고등학교,보건뷰티과,미용과,,,서울특별시교육청,230
R1232,서울특별시교육청,영신간호비즈니스고등학교,웰빙베이커리과,조리·식음료과,식품가공과,,서울특별시교육청,231
R1233,서울특별시교육청,영신간호비즈니스고등학교,보건코디네이터과,경영·사무과,재무·회계과,,서울특별시교육청,232
R1234,서울특별시교육청,영신간호비즈니스고등학교,영상그래픽디자인과,디자인과,문화콘텐츠과,,서울특별시교육청,233
R1235,서울특별시교육청,예림디자인고등학교,시각디자인과,디자인과,문화콘텐츠과,,서울특별시교육청,234
R1236,서울특별시교육청,예림디자인고등학교,콘텐츠디자인과,문화콘텐츠과,디자인과,,서울특별시교육청,235
R1237,서울특별시교육청,예림디자인고등학교,게임그래픽디자인과,문화콘텐츠과,디자인과,,서울특별시교육청,236
R1238,서울특별시교육청,예림디자인고등학교,만화애니메이션과,문화콘텐츠과,디자인과,,서울특별시교육청,237
R1239,서울특별시교육청,예림디자인고등학교,패션스타일리스트과,의류과,디자인과,,서울특별시교육청,238
R1240,서울특별시교육청,예일디자인고등학교,웹콘텐츠디자인과,디자인과,문화콘텐츠과,,서울특별시교육청,239
R1241,서울특별시교육청,예일디자인고등학교,3D공간제품디자인과,디자인과,문화콘텐츠과,,서울특별시교육청,240
R1242,서울특별시교육청,예일디자인고등학교,패션·스타일과,디자인과,의류과,,서울특별시교육청,241
R1243,서울특별시교육청,예일디자인고등학교,시각디자인과,디자인과,문화콘텐츠과,,서울특별시교육청,242
R1244,서울특별시교육청,용산철도고등학교,철도운전기계과,기계과,기관과,,서울특별시교육청,243
R1245,서울특별시교육청,용산철도고등학교,공조설비과,냉동공조과,기계과,,서울특별시교육청,244
R1246,서울특별시교육청,용산철도고등학교,자동차과,기계과,자동차과,,서울특별시교육청,245
R1247,서울특별시교육청,용산철도고등학교,철도전기신호과,전기과,전자과,,서울특별시교육청,246
R1248,서울특별시교육청,용산철도고등학교,철도전자통신과,전자과,정보컴퓨터과,,서울특별시교육청,247
R1249,서울특별시교육청,용산철도고등학교,철도건설과,토목과,건축시공과,,서울특별시교육청,248
R1250,서울특별시교육청,유한공업고등학교,스마트제어과,기계과,전기과,,서울특별시교육청,249
R1251,서울특별시교육청,유한공업고등학교,자동화시스템과,기계과,금속재료과,,서울특별시교육청,250
R1252,서울특별시교육청,유한공업고등학교,로봇전기과,전기과,전자과,,서울특별시교육청,251
R1253,서울특별시교육청,유한공업고등학교,건축디자인과,건축시공과,토목과,,서울특별시교육청,252
R1254,서울특별시교육청,은평메디텍고등학교,e스포츠과,문화콘텐츠과,방송·통신과,,서울특별시교육청,253
R1255,서울특별시교육청,은평메디텍고등학교,SMT코딩과,정보컴퓨터과,전자과,,서울특별시교육청,254
R1256,서울특별시교육청,은평메디텍고등학교,건강조리과,조리·식음료과,식품가공과,,서울특별시교육청,255
R1257,서울특별시교육청,은평메디텍고등학교,보건간호과,보건간호과,,,서울특별시교육청,256
R1258,서울특별시교육청,이화여자대학교병설미디어고등학교,국제경영과,경영·사무과,재무·회계과,,서울특별시교육청,257
R1259,서울특별시교육청,이화여자대학교병설미디어고등학교,영상정보과,경영·사무과,문화콘텐츠과,,서울특별시교육청,258
R1260,서울특별시교육청,이화여자대학교병설미디어고등학교,디자인과,디자인과,문화콘텐츠과,,서울특별시교육청,259
R1261,서울특별시교육청,인덕과학기술고등학교,스마트기계과,기계과,자동차과,,서울특별시교육청,260
R1262,서울특별시교육청,인덕과학기술고등학교,도시공간건설과,토목과,건축시공과,,서울특별시교육청,261
R1263,서울특별시교육청,인덕과학기술고등학교,미래자동차과,자동차과,기계과,,서울특별시교육청,262
R1264,서울특별시교육청,인덕과학기술고등학교,캐릭터디자인과,문화콘텐츠과,디자인과,,서울특별시교육청,263
R1265,서울특별시교육청,인덕과학기술고등학교,실내건축과,건축시공과,디자인과,,서울특별시교육청,264
R1266,서울특별시교육청,일신여자상업고등학교,금융정보과,경영·사무과,재무·회계과,,서울특별시교육청,265
R1267,서울특별시교육청,일신여자상업고등학교,회계정보과,경영·사무과,재무·회계과,,서울특별시교육청,266
R1268,서울특별시교육청,일신여자상업고등학교,디자인콘텐츠과,디자인과,문화콘텐츠과,,서울특별시교육청,267
R1269,서울특별시교육청,일신여자상업고등학교,스마트펫경영과,동물자원과,,,서울특별시교육청,268
R1270,서울특별시교육청,한강미디어고등학교,방송미디어과,문화콘텐츠과,방송·통신과,,서울특별시교육청,269
R1271,서울특별시교육청,한강미디어고등학교,산업디자인과,디자인과,문화콘텐츠과,,서울특별시교육청,270
R1272,서울특별시교육청,한강미디어고등학교,사진영상과,문화콘텐츠과,디자인과,,서울특별시교육청,271
R1273,서울특별시교육청,한강미디어고등학교,웹미디어콘텐츠과,문화콘텐츠과,디자인과,,서울특별시교육청,272
R1274,서울특별시교육청,한세사이버보안고등학교,메타버스게임과,디자인과,문화콘텐츠과,,서울특별시교육청,273
R1275,서울특별시교육청,한세사이버보안고등학교,지능형소프트웨어과,정보컴퓨터과,방송·통신과,,서울특별시교육청,274
R1276,서울특별시교육청,한세사이버보안고등학교,클라우드보안과,정보컴퓨터과,방송·통신과,,서울특별시교육청,275
R1277,서울특별시교육청,한양과학기술고등학교 / (구 한양공업고등학교),스마트건설정보과,토목과,건축시공과,,서울특별시교육청,276
R1278,서울특별시교육청,한양과학기술고등학교 / (구 한양공업고등학교),디지털건축과,건축시공과,토목과,,서울특별시교육청,277
R1279,서울특별시교육청,한양과학기술고등학교 / (구 한양공업고등학교),스마트융합기계과,기계과,항공과,,서울특별시교육청,278
R1280,서울특별시교육청,한양과학기술고등학교 / (구 한양공업고등학교),스마트전자과,전자과,전기과,,서울특별시교육청,279
R1281,서울특별시교육청,한양과학기술고등학교 / (구 한양공업고등학교),친환경자동차과,자동차과,기계과,,서울특별시교육청,280
R1282,서울특별시교육청,해성국제컨벤션고등학교,컨벤션경영과,경영·사무과,재무·회계과,,서울특별시교육청,281
R1283,서울특별시교육청,해성국제컨벤션고등학교,컨벤션영어과,경영·사무과,관광·레저과,,서울특별시교육청,282
R1284,서울특별시교육청,해성국제컨벤션고등학교,국제전시경영과,경영·사무과,재무·회계과,,서울특별시교육청,283
R1285,서울특별시교육청,홍익디자인고등학교,시각디자인과,디자인과,문화콘텐츠과,,서울특별시교육청,284
R1286,서울특별시교육청,홍익디자인고등학교,영상애니메이션과,디자인과,문화콘텐츠과,,서울특별시교육청,285
R1287,서울특별시교육청,서울홍신고등학교 / (구 화곡보건경영고등학교),간호과,보건간호과,,,서울특별시교육청,286
R1288,서울특별시교육청,서울홍신고등학교 / (구 화곡보건경영고등학교),콘텐츠크리에이터과,문화콘텐츠과,경영·사무과,,서울특별시교육청,287
R1289,서울특별시교육청,서울홍신고등학교 / (구 화곡보건경영고등학교),뷰티아트과,미용과,경영·사무과,,서울특별시교육청,288
R1290,서울특별시교육청,서울반도체고등학교,친환경자동차과,자동차과,기계과,,서울특별시교육청,289
R1291,서울특별시교육청,서울반도체고등학교,전기제어과,전기과,전자과,,서울특별시교육청,290
R1292,서울특별시교육청,서울반도체고등학교,스마트전자과,전자과,전기과,,서울특별시교육청,291
R1293,세종특별자치시 / 교육청,세종미래고등학교,바이오화학과,화학공업과,,,세종특별자치시교육청,6
R1294,세종특별자치시 / 교육청,세종미래고등학교,스마트기계과,기계과,,,세종특별자치시교육청,7
R1295,세종특별자치시 / 교육청,세종미래고등학교,로보트로닉스과,전자과,전기과,,세종특별자치시교육청,8
R1296,세종특별자치시 / 교육청,세종미래고등학교,베이커리카페과,식품가공과,,,세종특별자치시교육청,9
R1297,세종특별자치시 / 교육청,세종여자고등학교 / (직업계열),경영사무과,경영･사무과,재무･회계과,,세종특별자치시교육청,10
R1298,세종특별자치시 / 교육청,세종여자고등학교 / (직업계열),e-비즈니스과,유통과,판매과,,세종특별자치시교육청,11
R1299,세종특별자치시 / 교육청,세종장영실고등학교,IT콘텐츠과,문화콘텐츠과,디자인과,,세종특별자치시교육청,12
R1300,세종특별자치시 / 교육청,세종장영실고등학교,외식조리과,조리･식음료과,,,세종특별자치시교육청,13
R1301,세종특별자치시 / 교육청,세종장영실고등학교,뷰티미용과,미용과,,,세종특별자치시교육청,14
R1302,세종특별자치시 / 교육청,세종장영실고등학교,보건간호과,보건간호과,,,세종특별자치시교육청,15
R1303,울산광역시교육청,울산공업고등학교,자동화기계과,기계과,산업설비과,,울산광역시교육청,6
R1304,울산광역시교육청,울산공업고등학교,전기과,전기과,전자과,,울산광역시교육청,7
R1305,울산광역시교육청,울산공업고등학교,화공과,화학공업과,산업안전과,,울산광역시교육청,8
R1306,울산광역시교육청,울산공업고등학교,건축디자인과,건축시공과,토목과,,울산광역시교육청,9
R1307,울산광역시교육청,울산공업고등학교,토목과,토목과,건축시공과,,울산광역시교육청,10
R1308,울산광역시교육청,울산공업고등학교,전자통신과,전자과,전기과,,울산광역시교육청,11
R1309,울산광역시교육청,울산기술공업고등학교,산업설비기계과,산업설비과,금속재료과,,울산광역시교육청,12
R1310,울산광역시교육청,울산기술공업고등학교,드론공간정보과,토목과,건축시공과,,울산광역시교육청,13
R1311,울산광역시교육청,울산기술공업고등학교,융합디자인과,디자인과,문화콘텐츠과,,울산광역시교육청,14
R1312,울산광역시교육청,울산기술공업고등학교,전기과,전기과,전자과,,울산광역시교육청,15
R1313,울산광역시교육청,울산기술공업고등학교,산업경영과,경영·사무과,재무·회계과,,울산광역시교육청,16
R1314,울산광역시교육청,울산미용예술고등학교,미용예술과,미용과,,,울산광역시교육청,17
R1315,울산광역시교육청,울산산업고등학교,반려동물과,동물자원과,,,울산광역시교육청,18
R1316,울산광역시교육청,울산산업고등학교,원예디자인과,원예과,농업과,,울산광역시교육청,19
R1317,울산광역시교육청,울산산업고등학교,그린스마트팜과,농업과,원예과,,울산광역시교육청,20
R1318,울산광역시교육청,울산산업고등학교,식품가공과,식품가공과,조리·식음료과,,울산광역시교육청,21
R1319,울산광역시교육청,울산산업고등학교,보건간호과,보건간호과,,,울산광역시교육청,22
R1320,울산광역시교육청,울산상업고등학교,군사경영과,경영·사무과,유통과,,울산광역시교육청,23
R1321,울산광역시교육청,울산상업고등학교,물류경영과,경영·사무과,유통과,,울산광역시교육청,24
R1322,울산광역시교육청,울산상업고등학교,상공경영과,경영·사무과,유통과,,울산광역시교육청,25
R1323,울산광역시교육청,울산생활과학고등학교,보건간호과,보건간호과,,,울산광역시교육청,26
R1324,울산광역시교육청,울산생활과학고등학교,사무행정과,경영·사무과,재무·회계과,,울산광역시교육청,27
R1325,울산광역시교육청,울산생활과학고등학교,조리과,조리·식음료과,,,울산광역시교육청,28
R1326,울산광역시교육청,울산애니원고등학교,창작만화과,문화콘텐츠과,디자인과,,울산광역시교육청,29
R1327,울산광역시교육청,울산애니원고등학교,애니메이션과,문화콘텐츠과,디자인과,,울산광역시교육청,30
R1328,울산광역시교육청,울산애니원고등학교,컴퓨터게임개발과,문화콘텐츠과,정보컴퓨터과,,울산광역시교육청,31
R1329,울산광역시교육청,울산여자상업고등학교,관광경영과,관광·레저과,경영·사무과,,울산광역시교육청,32
R1330,울산광역시교육청,울산여자상업고등학교,금융사무과,금융과,경영·사무과,,울산광역시교육청,33
R1331,울산광역시교육청,울산여자상업고등학교,회계사무과,재무·회계과,경영·사무과,,울산광역시교육청,34
R1332,인천광역시교육청,강남영상미디어고등학교,영상미디어과,문화콘텐츠과,디자인과,,인천광역시교육청,6
R1333,인천광역시교육청,계산공업고등학교,스마트기계과,기계과,전기과,,인천광역시교육청,7
R1334,인천광역시교육청,계산공업고등학교,스마트설비과,냉동공조과,산업설비과,,인천광역시교육청,8
R1335,인천광역시교육청,계산공업고등학교,전기제어과,전기과,전자과,,인천광역시교육청,9
R1336,인천광역시교육청,계산공업고등학교,컴퓨터정보전자과,전자과,정보컴퓨터과,,인천광역시교육청,10
R1337,인천광역시교육청,계산공업고등학교,식품생명과학과,식품가공과,조리·식음료과,,인천광역시교육청,11
R1338,인천광역시교육청,문학정보고등학교,플랫폼경영과,경영·사무과,유통과,,인천광역시교육청,12
R1339,인천광역시교육청,문학정보고등학교,서비스마케팅과,경영·사무과,유통과,,인천광역시교육청,13
R1340,인천광역시교육청,문학정보고등학교,소프트웨어개발과,정보컴퓨터과,문화콘텐츠과,,인천광역시교육청,14
R1341,인천광역시교육청,문학정보고등학교,웹툰시각디자인과,디자인과,문화콘텐츠과,,인천광역시교육청,15
R1342,인천광역시교육청,부평공업고등학교,그린자동차과,자동차과,기계과,,인천광역시교육청,16
R1343,인천광역시교육청,부평공업고등학교,하이테크가공과,기계과,산업설비과,,인천광역시교육청,17
R1344,인천광역시교육청,부평공업고등학교,전기과,전기과,전자과,,인천광역시교육청,18
R1345,인천광역시교육청,부평공업고등학교,스마트자동화과,기계과,전자과,,인천광역시교육청,19
R1346,인천광역시교육청,부평공업고등학교,스마트건설과,토목과,건축시공과,,인천광역시교육청,20
R1347,인천광역시교육청,영종국제물류고등학교,국제물류과,경영·사무과,유통과,,인천광역시교육청,21
R1348,인천광역시교육청,영종국제물류고등학교,국제관세과,경영·사무과,유통과,,인천광역시교육청,22
R1349,인천광역시교육청,영화국제관광고등학교,호텔경영과,관광·레저과,경영·사무과,,인천광역시교육청,23
R1350,인천광역시교육청,영화국제관광고등학교,관광외국어과,관광·레저과,경영·사무과,,인천광역시교육청,24
R1351,인천광역시교육청,영화국제관광고등학교,외식조리과,조리·식음료과,식품가공과,,인천광역시교육청,25
R1352,인천광역시교육청,인천금융고등학교,금융사무과,금융과,경영·사무과,,인천광역시교육청,26
R1353,인천광역시교육청,인천금융고등학교,유아보육과,보육과,사회복지과,,인천광역시교육청,27
R1354,인천광역시교육청,인천금융고등학교,웹툰애니메이션과,디자인과,문화콘텐츠과,,인천광역시교육청,28
R1355,인천광역시교육청,인천금융고등학교,펫뷰티케어과,동물자원과,,,인천광역시교육청,29
R1356,인천광역시교육청,인천기계공업고등학교,건축디자인과,건축시공과,디자인과,,인천광역시교육청,30
R1357,인천광역시교육청,인천기계공업고등학교,도시건설정보과,토목과,,,인천광역시교육청,31
R1358,인천광역시교육청,인천기계공업고등학교,메카트로닉스과,기계과,전자과,,인천광역시교육청,32
R1359,인천광역시교육청,인천기계공업고등학교,자동차테크과,자동차과,기계과,,인천광역시교육청,33
R1360,인천광역시교육청,인천기계공업고등학교,전기과,전기과,전자과,,인천광역시교육청,34
R1361,인천광역시교육청,인천기계공업고등학교,정밀기계과,기계과,자동차과,,인천광역시교육청,35
R1362,인천광역시교육청,인천대중예술고등학교,실용음악과,문화콘텐츠과,,,인천광역시교육청,36
R1363,인천광역시교육청,인천대중예술고등학교,실용무용과,문화콘텐츠과,,,인천광역시교육청,37
R1364,인천광역시교육청,인천대중예술고등학교,연기예술과,문화콘텐츠과,,,인천광역시교육청,38
R1365,인천광역시교육청,인천대중예술고등학교,드론영상과,전자과,문화콘텐츠과,,인천광역시교육청,39
R1366,인천광역시교육청,인천디자인고등학교,건축디자인과,건축시공과,디자인과,,인천광역시교육청,40
R1367,인천광역시교육청,인천디자인고등학교,도예디자인과,공예과,디자인과,,인천광역시교육청,41
R1368,인천광역시교육청,인천디자인고등학교,시각디자인과,디자인과,문화콘텐츠과,,인천광역시교육청,42
R1369,인천광역시교육청,인천디자인고등학교,제품디자인과,디자인과,문화콘텐츠과,,인천광역시교육청,43
R1370,인천광역시교육청,인천디자인고등학교,패션디자인과,의류과,디자인과,,인천광역시교육청,44
R1371,인천광역시교육청,인천미래생활고등학교,바이오식품과,화학공업과,식품가공과,,인천광역시교육청,45
R1372,인천광역시교육청,인천미래생활고등학교,스마트디자인과,기계과,디자인과,,인천광역시교육청,46
R1373,인천광역시교육청,인천미래생활고등학교,인테리어과,건축시공과,디자인과,,인천광역시교육청,47
R1374,인천광역시교육청,인천미래생활고등학교,조리과,조리·식음료과,,,인천광역시교육청,48
R1375,인천광역시교육청,인천미래생활고등학교,패션코디네이터과,의류과,디자인과,,인천광역시교육청,49
R1376,인천광역시교육청,인천바이오과학고등학교,바이오제약과,화학공업과,,,인천광역시교육청,50
R1377,인천광역시교육청,인천바이오과학고등학교,바이오화학과,화학공업과,,,인천광역시교육청,51
R1378,인천광역시교육청,인천바이오과학고등학교,스마트자동화과,기계과,,,인천광역시교육청,52
R1379,인천광역시교육청,인천바이오과학고등학교,스마트전기과,전기과,,,인천광역시교육청,53
R1380,인천광역시교육청,인천바이오과학고등학교,스마트전자과,전자과,,,인천광역시교육청,54
R1381,인천광역시교육청,인천보건고등학교,보건간호과,보건간호과,경영·사무과,,인천광역시교육청,55
R1382,인천광역시교육청,인천보건고등학교,보건의료서비스과,경영·사무과,보건간호과,,인천광역시교육청,56
R1383,인천광역시교육청,인천뷰티예술고등학교,미용예술과,미용과,,,인천광역시교육청,57
R1384,인천광역시교육청,인천뷰티예술고등학교,시각영상디자인과,디자인과,문화콘텐츠과,,인천광역시교육청,58
R1385,인천광역시교육청,인천뷰티예술고등학교,식품외식산업과,식품가공과,조리·식음료과,,인천광역시교육청,59
R1386,인천광역시교육청,인천비즈니스고등학교,SNS마케팅과,경영·사무과,유통과,,인천광역시교육청,60
R1387,인천광역시교육청,인천비즈니스고등학교,부사관경영과,경영·사무과,재무·회계과,,인천광역시교육청,61
R1388,인천광역시교육청,인천비즈니스고등학교,콘텐츠디자인과,문화콘텐츠과,정보컴퓨터과,,인천광역시교육청,62
R1389,인천광역시교육청,인천비즈니스고등학교,항공서비스과,관광·레저과,경영·사무과,,인천광역시교육청,63
R1390,인천광역시교육청,인천생활과학고등학교,조리과학과,조리·식음료과,식품가공과,,인천광역시교육청,64
R1391,인천광역시교육청,인천생활과학고등학교,토탈미용과,미용과,,,인천광역시교육청,65
R1392,인천광역시교육청,인천생활과학고등학교,패션스타일과,의류과,섬유과,,인천광역시교육청,66
R1393,인천광역시교육청,문곡고등학교,세무회계과,재무·회계과,경영·사무과,,인천광역시교육청,67
R1394,인천광역시교육청,문곡고등학교,국제무역과,유통과,경영·사무과,,인천광역시교육청,68
R1395,인천광역시교육청,문곡고등학교,베이커리카페과,식품가공과,조리·식음료과,,인천광역시교육청,69
R1396,인천광역시교육청,문곡고등학교,디자인콘텐츠과,디자인과,문화콘텐츠과,,인천광역시교육청,70
R1397,인천광역시교육청,인천소방고등학교,소방안전관리과,기계과,산업안전과,,인천광역시교육청,71
R1398,인천광역시교육청,인천소방고등학교,소방전기과,전기과,산업안전과,,인천광역시교육청,72
R1399,인천광역시교육청,인천소방고등학교,소방기계과,기계과,산업안전과,,인천광역시교육청,73
R1400,인천광역시교육청,인천소방고등학교,소방설비과,기계과,산업설비과,,인천광역시교육청,74
R1401,인천광역시교육청,인천여자상업고등학교,경영사무과,경영·사무과,재무·회계과,,인천광역시교육청,75
R1402,인천광역시교육청,인천여자상업고등학교,글로벌비즈니스과,유통과,경영·사무과,,인천광역시교육청,76
R1403,인천광역시교육청,인천여자상업고등학교,IT크리에이터과,정보컴퓨터과,문화콘텐츠과,,인천광역시교육청,77
R1404,인천광역시교육청,인천여자상업고등학교,회계금융과,재무·회계과,금융과,,인천광역시교육청,78
R1405,인천광역시교육청,재능고등학교,스마트통신과,방송·통신과,정보컴퓨터과,,인천광역시교육청,79
R1406,인천광역시교육청,재능고등학교,스마트전자과,전자과,전기과,,인천광역시교육청,80
R1407,인천광역시교육청,재능고등학교,스마트전기과,전기과,전자과,,인천광역시교육청,81
R1408,인천광역시교육청,재능고등학교,차세대반도체과,전자과,전기과,,인천광역시교육청,82
R1409,인천광역시교육청,재능고등학교,AI로봇과,전자과,기계과,,인천광역시교육청,83
R1410,인천광역시교육청,인천반도체고등학교,반도체장비과,전자과,전기과,,인천광역시교육청,84
R1411,인천광역시교육청,인천반도체고등학교,반도체소프트웨과,정보컴퓨터과,전자과,,인천광역시교육청,85
R1412,인천광역시교육청,인천반도체고등학교,IT전자과,전자과,전기과,,인천광역시교육청,86
R1413,인천광역시교육청,인천반도체고등학교,IT융합통신과,방송·통신과,전자과,,인천광역시교육청,87
R1414,인천광역시교육청,인천중앙여자고등학교,항공경영과,경영·사무과,재무·회계과,,인천광역시교육청,88
R1415,인천광역시교육청,인천중앙여자고등학교,금융회계과,금융과,재무·회계과,,인천광역시교육청,89
R1416,인천광역시교육청,인천중앙여자고등학교,세무회계과,재무·회계과,경영·사무과,,인천광역시교육청,90
R1417,인천광역시교육청,인천중앙여자고등학교,콘텐츠디자인과,디자인과,문화콘텐츠과,,인천광역시교육청,91
R1418,인천광역시교육청,인천해양과학고등학교,해양경찰학과(파일럿코스),해양생산과,항해과,,인천광역시교육청,92
R1419,인천광역시교육청,인천해양과학고등학교,해양생명과학과,수산양식과,해양레저과,,인천광역시교육청,93
R1420,인천광역시교육청,인천해양과학고등학교,식품외식산업과,식품가공과,조리·식음료과,,인천광역시교육청,94
R1421,인천광역시교육청,인천해양과학고등학교,해양경찰학과(엔지니어코스),기관과,기계과,,인천광역시교육청,95
R1422,인천광역시교육청,인천해양과학고등학교,해군부사관과,냉동공조과,기계과,,인천광역시교육청,96
R1423,인천광역시교육청,인평자동차고등학교,에코자동차과,자동차과,기계과,,인천광역시교육청,97
R1424,인천광역시교육청,인평자동차고등학교,자동차바디튜닝과,자동차과,기계과,,인천광역시교육청,98
R1425,인천광역시교육청,인평자동차고등학교,AI소프트웨어과,정보컴퓨터과,문화콘텐츠과,,인천광역시교육청,99
R1426,인천광역시교육청,정석항공과학고등학교,항공정비과,항공과,기계과,,인천광역시교육청,100
R1427,인천광역시교육청,정석항공과학고등학교,항공기계과,기계과,항공과,,인천광역시교육청,101
R1428,인천광역시교육청,정석항공과학고등학교,항공전자과,전자과,항공과,,인천광역시교육청,102
R1429,인천광역시교육청,정석항공과학고등학교,항공전자제어과,전기과,항공과,,인천광역시교육청,103
R1430,인천광역시교육청,한국글로벌셰프고등학교,조리과학과,조리·식음료과,식품가공과,,인천광역시교육청,104
R1431,인천광역시교육청,한국주얼리고등학교,주얼리디자인과,공예과,디자인과,,인천광역시교육청,105
R1432,전라남도교육청,고흥도화고등학교,전기전자과,전기과,전자과,,전라남도교육청,6
R1433,전라남도교육청,고흥산업과학고등학교,식품가공과,식품가공과,,,전라남도교육청,7
R1434,전라남도교육청,고흥산업과학고등학교,스마트팜관리과,농업기계과,농업과,,전라남도교육청,8
R1435,전라남도교육청,고흥산업과학고등학교,e-비즈니스과,경영·사무과,재무·회계과,,전라남도교육청,9
R1436,전라남도교육청,고흥산업과학고등학교,드론산업과,전기과,항공과,,전라남도교육청,10
R1437,전라남도교육청,광양하이텍고등학교,스마트팜과,농업과,원예과,,전라남도교육청,11
R1438,전라남도교육청,광양하이텍고등학교,반려동물과,동물자원과,,,전라남도교육청,12
R1439,전라남도교육청,광양하이텍고등학교,식품가공과,식품가공과,,,전라남도교육청,13
R1440,전라남도교육청,광양하이텍고등학교,제철기계과,기계과,,,전라남도교육청,14
R1441,전라남도교육청,구림공업고등학교,전기전자과,전기과,전자과,,전라남도교육청,15
R1442,전라남도교육청,구림공업고등학교,한옥건축과,건축시공과,,,전라남도교육청,16
R1443,전라남도교육청,나주공업고등학교,전기과,전기과,전자과,,전라남도교육청,17
R1444,전라남도교육청,나주공업고등학교,기계과,기계과,산업설비과,,전라남도교육청,18
R1445,전라남도교육청,나주공업고등학교,스마트팩토리과,기계과,전기과,,전라남도교육청,19
R1446,전라남도교육청,나주상업고등학교,사무행정과,경영·사무과,재무·회계과,,전라남도교육청,20
R1447,전라남도교육청,나주상업고등학교,금융회계과,재무·회계과,금융과,,전라남도교육청,21
R1448,전라남도교육청,다향고등학교,부사관과,자동차과,기계과,,전라남도교육청,22
R1449,전라남도교육청,다향고등학교,제과제빵과,식품가공과,,,전라남도교육청,23
R1450,전라남도교육청,담양공업고등학교,자동차기계과,자동차과,기계과,,전라남도교육청,24
R1451,전라남도교육청,담양공업고등학교,스마트전기전자과,전자과,전기과,,전라남도교육청,25
R1452,전라남도교육청,담양공업고등학교,건설디자인과,토목과,건축시공과,,전라남도교육청,26
R1453,전라남도교육청,목포공업고등학교,토목과,토목과,,,전라남도교육청,27
R1454,전라남도교육청,목포공업고등학교,건축과,건축시공과,,,전라남도교육청,28
R1455,전라남도교육청,목포공업고등학교,스마트기계과,기계과,,,전라남도교육청,29
R1456,전라남도교육청,목포공업고등학교,전기과,전기과,,,전라남도교육청,30
R1457,전라남도교육청,목포공업고등학교,화공과,화학공업과,,,전라남도교육청,31
R1458,전라남도교육청,목포조리과학고등학교 / (목포성신고),관광조리과,조리·식음료과,식품가공과,,전라남도교육청,32
R1459,전라남도교육청,목포조리과학고등학교 / (목포성신고),관광외식서비스과,조리·식음료과,식품가공과,,전라남도교육청,33
R1460,전라남도교육청,목포여자상업고등학교,AI비즈니스과,경영·사무과,재무·회계과,,전라남도교육청,34
R1461,전라남도교육청,목포여자상업고등학교,AI콘텐츠과,문화콘텐츠과,,,전라남도교육청,35
R1462,전라남도교육청,목포여자상업고등학교,공공사무행정과,경영·사무과,재무·회계과,,전라남도교육청,36
R1463,전라남도교육청,목포여자상업고등학교,보건간호과,보건간호과,,,전라남도교육청,37
R1464,전라남도교육청,목포중앙고등학교,방송영상과,방송·통신과,문화콘텐츠과,,전라남도교육청,38
R1465,전라남도교육청,목포중앙고등학교,스마트경영과,경영·사무과,정보컴퓨터과,,전라남도교육청,39
R1466,전라남도교육청,목포중앙고등학교,스마트설비과,기계과,산업설비과,,전라남도교육청,40
R1467,전라남도교육청,벌교상업고등학교,금융회계과,경영·사무과,재무·회계과,,전라남도교육청,41
R1468,전라남도교육청,벌교상업고등학교,토탈뷰티과,미용과,,,전라남도교육청,42
R1469,전라남도교육청,법성고등학교,인터넷쇼핑몰과,경영·사무과,재무·회계과,,전라남도교육청,43
R1470,전라남도교육청,법성고등학교,보건경영과,경영·사무과,보건간호과,,전라남도교육청,44
R1471,전라남도교육청,병영상업고등학교,사무행정과,경영·사무과,재무·회계과,,전라남도교육청,45
R1472,전라남도교육청,삼계부사관고등학교,부사관과,경영·사무과,,,전라남도교육청,46
R1473,전라남도교육청,송지고등학교,경영정보과,경영·사무과,,,전라남도교육청,47
R1474,전라남도교육청,순천공업고등학교,기계과,기계과,,,전라남도교육청,48
R1475,전라남도교육청,순천공업고등학교,자동차과,자동차과,,,전라남도교육청,49
R1476,전라남도교육청,순천공업고등학교,전기과,전기과,전자과,,전라남도교육청,50
R1477,전라남도교육청,순천공업고등학교,화공과,화학공업과,,,전라남도교육청,51
R1478,전라남도교육청,순천공업고등학교,토목과,토목과,,,전라남도교육청,52
R1479,전라남도교육청,순천공업고등학교,건축과,건축시공과,,,전라남도교육청,53
R1480,전라남도교육청,순천미래과학고등학교,바이오메디컬과,화학공업과,환경보건과,,전라남도교육청,54
R1481,전라남도교육청,순천미래과학고등학교,소프트웨어통신과,정보컴퓨터과,전기과,,전라남도교육청,55
R1482,전라남도교육청,순천미래과학고등학교,IoT전기전자과,전기과,전자과,,전라남도교육청,56
R1483,전라남도교육청,순천청암고등학교,라이프케어과,미용과,관광·레저과,,전라남도교육청,57
R1484,전라남도교육청,순천청암고등학교,금융서비스과,경영·사무과,재무·회계과,,전라남도교육청,58
R1485,전라남도교육청,순천청암고등학교,그래픽디자인과,디자인과,문화콘텐츠과,,전라남도교육청,59
R1486,전라남도교육청,순천청암고등학교,보건경영과,경영·사무과,재무·회계과,,전라남도교육청,60
R1487,전라남도교육청,순천청암고등학교,보건간호과,보건간호과,보육과,,전라남도교육청,61
R1488,전라남도교육청,순천효산고등학교,관광조리과,조리·식음료과,식품가공과,,전라남도교육청,62
R1489,전라남도교육청,순천효산고등학교,관광외식서비스과,조리·식음료과,관광·레저과,,전라남도교육청,63
R1490,전라남도교육청,순천효산고등학교,스마트금융과,금융과,경영·사무과,,전라남도교육청,64
R1491,전라남도교육청,순천효산고등학교,사무행정과,경영·사무과,정보컴퓨터과,,전라남도교육청,65
R1492,전라남도교육청,순천효산고등학교,IT융합정보과,정보컴퓨터과,방송·통신과,,전라남도교육청,66
R1493,전라남도교육청,신안해양과학고등학교,자영수산과,수산양식과,식품가공과,,전라남도교육청,67
R1494,전라남도교육청,안좌고등학교,부사관과,경영·사무과,,,전라남도교육청,68
R1495,전라남도교육청,여수공업고등학교,기계과,기계과,산업설비과,,전라남도교육청,69
R1496,전라남도교육청,여수공업고등학교,AI전기제어과,전기과,전자과,,전라남도교육청,70
R1497,전라남도교육청,여수공업고등학교,드론공간정보과,토목과,항공과,,전라남도교육청,71
R1498,전라남도교육청,여수공업고등학교,스마트자동차과,자동차과,기계과,,전라남도교육청,72
R1499,전라남도교육청,여수정보과학고등학교,관광조리과,조리·식음료과,식품가공과,,전라남도교육청,73
R1500,전라남도교육청,여수정보과학고등학교,AI디자인과,디자인과,문화콘텐츠과,,전라남도교육청,74
R1501,전라남도교육청,여수정보과학고등학교,호텔서비스과,관광·레저과,조리·식음료과,,전라남도교육청,75
R1502,전라남도교육청,여수정보과학고등학교,AI경영과,경영·사무과,정보컴퓨터과,,전라남도교육청,76
R1503,전라남도교육청,여수해양과학고등학교,자영수산과,수산양식과,식품가공과,,전라남도교육청,77
R1504,전라남도교육청,여수해양과학고등학교,해양레저관광과,해양레저과,해양생산과,,전라남도교육청,78
R1505,전라남도교육청,영광공업고등학교,기계과,기계과,,,전라남도교육청,79
R1506,전라남도교육청,영광공업고등학교,e모빌리티과,기계과,전자과,,전라남도교육청,80
R1507,전라남도교육청,영광공업고등학교,건설기계과,기계과,,,전라남도교육청,81
R1508,전라남도교육청,영광공업고등학교,식품가공과,식품가공과,,,전라남도교육청,82
R1509,전라남도교육청,영광전자고등학교,전자과,전자과,전기과,,전라남도교육청,83
R1510,전라남도교육청,장성하이텍고등학교,농산업식품과(식품가공코스),식품가공과,조리·식음료과,,전라남도교육청,84
R1511,전라남도교육청,장성하이텍고등학교,농산업식품과(스마트농산업코스),농업기계과,농업과,,전라남도교육청,85
R1512,전라남도교육청,장성하이텍고등학교,전기전자제어과,전기과,전자과,,전라남도교육청,86
R1513,전라남도교육청,전남기술과학고등학교,기계과,기계과,,,전라남도교육청,87
R1514,전라남도교육청,전남기술과학고등학교,전기과,전기과,,,전라남도교육청,88
R1515,전라남도교육청,전남기술과학고등학교,전자과,전자과,,,전라남도교육청,89
R1516,전라남도교육청,전남기술과학고등학교,경영정보과,경영·사무과,,,전라남도교육청,90
R1517,전라남도교육청,전남기술과학고등학교,보건간호과,보건간호과,,,전라남도교육청,91
R1518,전라남도교육청,전남미용고등학교,미용과,미용과,,,전라남도교육청,92
R1519,전라남도교육청,전남보건고등학교,의료전자과,전자과,전기과,,전라남도교육청,93
R1520,전라남도교육청,전남보건고등학교,보건간호과,보건간호과,,,전라남도교육청,94
R1521,전라남도교육청,전남에너지고등학교,전자과,전자과,전기과,,전라남도교육청,95
R1522,전라남도교육청,전남에너지고등학교,전기에너지과,전기과,전자과,,전라남도교육청,96
R1523,전라남도교육청,전남자연과학고등학교,정원산업과,조경과,농업기계과,,전라남도교육청,97
R1524,전라남도교육청,전남자연과학고등학교,미래식품산업과,식품가공과,동물자원과,,전라남도교육청,98
R1525,전라남도교육청,전남조리과학고등학교,조리과,조리·식음료과,,,전라남도교육청,99
R1526,전라남도교육청,전남미래자동차고등학교,기계자동차과,자동차과,기계과,,전라남도교육청,100
R1527,전라남도교육청,진도실업고등학교,사무행정과,경영·사무과,재무·회계과,,전라남도교육청,101
R1528,전라남도교육청,진도실업고등학교,드론기계과,항공과,기계과,,전라남도교육청,102
R1529,전라남도교육청,진성여자고등학교,IT경영과,정보컴퓨터과,경영·사무과,,전라남도교육청,103
R1530,전라남도교육청,진성여자고등학교,사무행정과,경영·사무과,재무·회계과,,전라남도교육청,104
R1531,전라남도교육청,진성여자고등학교,보건간호과,보건간호과,사회복지과,,전라남도교육청,105
R1532,전라남도교육청,진성여자고등학교,관광레저과,관광·레저과,조리·식음료과,,전라남도교육청,106
R1533,전라남도교육청,한국말산업고등학교,말산업육성과,동물자원과,농업과,,전라남도교육청,107
R1534,전라남도교육청,해남공업고등학교,건축과,건축시공과,,,전라남도교육청,108
R1535,전라남도교육청,해남공업고등학교,스마트기계과,기계과,,,전라남도교육청,109
R1536,전라남도교육청,해남공업고등학교,전기과,전기과,,,전라남도교육청,110
R1537,전라남도교육청,해남공업고등학교,전자과,전자과,,,전라남도교육청,111
R1538,전라남도교육청,해남공업고등학교,화공과,화학공업과,,,전라남도교육청,112
R1539,전라남도교육청,호남원예고등학교,원예과,원예과,농업과,,전라남도교육청,113
R1540,전북특별자치도 / 교육청,강호항공고등학교,항공경영서비스,경영·사무과,재무·회계과,,전북특별자치도교육청,6
R1541,전북특별자치도 / 교육청,강호항공고등학교,국방행정기술과,경영·사무과,재무·회계과,,전북특별자치도교육청,7
R1542,전북특별자치도 / 교육청,강호항공고등학교,항공기계과,항공과,기계과,,전북특별자치도교육청,8
R1543,전북특별자치도 / 교육청,강호항공고등학교,항공정비과,항공과,기계과,,전북특별자치도교육청,9
R1544,전북특별자치도 / 교육청,강호항공고등학교,항공전기전자과,항공과,전기과,,전북특별자치도교육청,10
R1545,전북특별자치도 / 교육청,군산여자상업고등학교,경영회계과,경영·사무과,재무·회계과,,전북특별자치도교육청,11
R1546,전북특별자치도 / 교육청,군산여자상업고등학교,창업경영과,경영·사무과,판매과,,전북특별자치도교육청,12
R1547,전북특별자치도 / 교육청,군산여자상업고등학교,금융정보과,경영·사무과,금융과,,전북특별자치도교육청,13
R1548,전북특별자치도 / 교육청,남원용성고등학교,농업토목과,농업토목과,토목과,,전북특별자치도교육청,14
R1549,전북특별자치도 / 교육청,남원용성고등학교,식물자원과,원예과,조경과,,전북특별자치도교육청,15
R1550,전북특별자치도 / 교육청,남원용성고등학교,전기제어과,전자과,전기과,,전북특별자치도교육청,16
R1551,전북특별자치도 / 교육청,남원용성고등학교,자동화기계과,기계과,산업설비과,,전북특별자치도교육청,17
R1552,전북특별자치도 / 교육청,남원제일고등학교,목공예과,공예과,디자인과,"2026년 기준, 1,2학년: 우드디자인과 3학년: 목공예과",전북특별자치도교육청,18
R1553,전북특별자치도 / 교육청,남원제일고등학교,미용과,미용과,,,전북특별자치도교육청,19
R1554,전북특별자치도 / 교육청,남원제일고등학교,조리제빵과,조리·식음료과,식품가공과,,전북특별자치도교육청,20
R1555,전북특별자치도 / 교육청,덕암정보고등학교,금융정보과,경영·사무과,정보컴퓨터과,,전북특별자치도교육청,21
R1556,전북특별자치도 / 교육청,덕암정보고등학교,조리미용과,조리·식음료과,미용과,,전북특별자치도교육청,22
R1557,전북특별자치도 / 교육청,덕암정보고등학교,드론과,전자과,전기과,,전북특별자치도교육청,23
R1558,전북특별자치도 / 교육청,전북베이커리고등학교,카페베이커리과,식품가공과,조리·식음료과,,전북특별자치도교육청,24
R1559,전북특별자치도 / 교육청,수소에너지고등학교,드론항공과,전자과,정보컴퓨터과,,전북특별자치도교육청,25
R1560,전북특별자치도 / 교육청,전북펫고등학교,반려동물산업과,동물자원과,,,전북특별자치도교육청,26
R1561,전북특별자치도 / 교육청,완산여자고등학교,디지털컨텐츠,,,,전북특별자치도교육청,27
R1562,전북특별자치도 / 교육청,완산여자고등학교,관광서비스,,,,전북특별자치도교육청,28
R1563,전북특별자치도 / 교육청,이리공업고등학교,기계과,기계과,,,전북특별자치도교육청,29
R1564,전북특별자치도 / 교육청,이리공업고등학교,전기과,전기과,전자과,,전북특별자치도교육청,30
R1565,전북특별자치도 / 교육청,이리공업고등학교,바이오화학과,화학공업과,,,전북특별자치도교육청,31
R1566,전북특별자치도 / 교육청,이리공업고등학교,전자통신과,방송·통신과,정보컴퓨터과,,전북특별자치도교육청,32
R1567,전북특별자치도 / 교육청,이리공업고등학교,건축과,건축시공과,,,전북특별자치도교육청,33
R1568,전북특별자치도 / 교육청,전북유니텍고등학교,EV 기계과,자동차과,기계과,,전북특별자치도교육청,34
R1569,전북특별자치도 / 교육청,전북유니텍고등학교,조리테크과,조리·식음료과,식품가공과,,전북특별자치도교육청,35
R1570,전북특별자치도 / 교육청,전주공업고등학교,건축과,건축시공과,디자인과,,전북특별자치도교육청,36
R1571,전북특별자치도 / 교육청,전주공업고등학교,토목과,토목과,건축시공과,,전북특별자치도교육청,37
R1572,전북특별자치도 / 교육청,전주공업고등학교,기계과,기계과,,,전북특별자치도교육청,38
R1573,전북특별자치도 / 교육청,전주공업고등학교,전기과,전기과,,,전북특별자치도교육청,39
R1574,전북특별자치도 / 교육청,전주공업고등학교,자동차과,자동차과,,,전북특별자치도교육청,40
R1575,전북특별자치도 / 교육청,전주공업고등학교,전자과,전자과,,,전북특별자치도교육청,41
R1576,전북특별자치도 / 교육청,전주여자상업고등학교,회계정보과,재무·회계과,경영·사무과,,전북특별자치도교육청,42
R1577,전북특별자치도 / 교육청,전주여자상업고등학교,금융정보과,금융과,경영·사무과,,전북특별자치도교육청,43
R1578,전북특별자치도 / 교육청,전주생명과학고등학교,작물산업과,농업과,원예과,,전북특별자치도교육청,44
R1579,전북특별자치도 / 교육청,전주생명과학고등학교,산림조경과,산림자원과,조경과,,전북특별자치도교육청,45
R1580,전북특별자치도 / 교육청,전주생명과학고등학교,스마트팜과,농업과,원예과,,전북특별자치도교육청,46
R1581,전북특별자치도 / 교육청,전주생명과학고등학교,반려동물과,동물자원과,,,전북특별자치도교육청,47
R1582,전북특별자치도 / 교육청,전주생명과학고등학교,농업토목과,농업토목과,,,전북특별자치도교육청,48
R1583,전북특별자치도 / 교육청,전주생명과학고등학교,산업기계과,농업기계과,,,전북특별자치도교육청,49
R1584,전북특별자치도 / 교육청,전주생명과학고등학교,식품과학과,식품가공과,조리·식음료과,,전북특별자치도교육청,50
R1585,전북특별자치도 / 교육청,정읍제일고등학교,산업기계과,농업기계과,농업과,,전북특별자치도교육청,51
R1586,전북특별자치도 / 교육청,정읍제일고등학교,바이오식품산업과,식품가공과,조리·식음료과,,전북특별자치도교육청,52
R1587,전북특별자치도 / 교육청,정읍제일고등학교,기계과,기계과,산업설비과,,전북특별자치도교육청,53
R1588,전북특별자치도 / 교육청,전북자동차고등학교,미래자동차과,자동차과,,,전북특별자치도교육청,54
R1589,전북특별자치도 / 교육청,진경여자고등학교,경영사무과,경영·사무과,재무·회계과,,전북특별자치도교육청,55
R1590,전북특별자치도 / 교육청,진경여자고등학교,카페디저트과,조리·식음료과,식품가공과,,전북특별자치도교육청,56
R1591,전북특별자치도 / 교육청,진경여자고등학교,조리제빵과,조리·식음료과,식품가공과,,전북특별자치도교육청,57
R1592,전북특별자치도 / 교육청,진경여자고등학교,토탈뷰티과,미용과,,,전북특별자치도교육청,58
R1593,전북특별자치도 / 교육청,한국기술부사관고등학교,기계시스템과,기계과,,,전북특별자치도교육청,59
R1594,전북특별자치도 / 교육청,한국기술부사관고등학교,전기시스템과,전기과,,,전북특별자치도교육청,60
R1595,전북특별자치도 / 교육청,칠보고등학교,전기과,전기과,전자과,,전북특별자치도교육청,61
R1596,전북특별자치도 / 교육청,글로벌학산고등학교,보건간호과,보건간호과,사회복지과,,전북특별자치도교육청,62
R1597,전북특별자치도 / 교육청,글로벌학산고등학교,제과제빵과,식품가공과,조리·식음료과,,전북특별자치도교육청,63
R1598,전북특별자치도 / 교육청,글로벌학산고등학교,글로벌외식조리과,조리·식음료과,식품가공과,,전북특별자치도교육청,64
R1599,전북특별자치도 / 교육청,글로벌학산고등학교,헤어미용과,미용과,,,전북특별자치도교육청,65
R1600,전북특별자치도 / 교육청,글로벌학산고등학교,글로벌미디어콘텐츠과,디자인과,문화콘텐츠과,,전북특별자치도교육청,66
R1601,전북특별자치도 / 교육청,한국게임과학고등학교,컴퓨터게임개발과,문화콘텐츠과,디자인과,,전북특별자치도교육청,67
R1602,전북특별자치도 / 교육청,한국게임과학고등학교,소셜미디어개발과,방송·통신과,디자인과,,전북특별자치도교육청,68
R1603,전북특별자치도 / 교육청,한국치즈과학고등학교,치즈N조리과,식품가공과,조리·식음료과,,전북특별자치도교육청,69
R1604,전북특별자치도 / 교육청,한국한방고등학교,한방생명과학과,농업과,식품가공과,,전북특별자치도교육청,70
R1605,전북특별자치도 / 교육청,한국한방고등학교,보건간호과,보건간호과,,,전북특별자치도교육청,71
R1606,전북특별자치도 / 교육청,전북인공지능고,자동차과,기계과,자동차과,,전북특별자치도교육청,72
R1607,전북특별자치도 / 교육청,전북인공지능고,생태조경과,조경과,원예과,,전북특별자치도교육청,73
R1608,전북특별자치도 / 교육청,원광보건고등학교,보건행정과,보건간호과,경영·사무과,,전북특별자치도교육청,74
R1609,전북특별자치도 / 교육청,원광보건고등학교,보건간호과,보건간호과,사회복지과,,전북특별자치도교육청,75
R1610,전북특별자치도 / 교육청,원광보건고등학교,반려동물과,동물자원과,,,전북특별자치도교육청,76
R1611,전북특별자치도 / 교육청,한국전통문화고등학교,조리과학과,조리·식음료과,,,전북특별자치도교육청,77
R1612,전북특별자치도 / 교육청,함열여자고등학교,보건간호과,보건간호과,,,전북특별자치도교육청,78
R1613,제주특별자치도 / 교육청,서귀포산업과학고등학교,자영생명산업과,농업과,원예과,,제주특별자치도교육청,6
R1614,제주특별자치도 / 교육청,서귀포산업과학고등학교,자영말산업과,동물자원과,,,제주특별자치도교육청,7
R1615,제주특별자치도 / 교육청,서귀포산업과학고등학교,인테리어디자인과,디자인과,건축시공과,,제주특별자치도교육청,8
R1616,제주특별자치도 / 교육청,서귀포산업과학고등학교,자동차과,자동차과,기계과,,제주특별자치도교육청,9
R1617,제주특별자치도 / 교육청,서귀포산업과학고등학교,통신전자과,방송·통신과,전자과,,제주특별자치도교육청,10
R1618,제주특별자치도 / 교육청,성산고등학교,해양산업과,해양생산과,항해과,,제주특별자치도교육청,11
R1619,제주특별자치도 / 교육청,영주고등학교,방송영상과,문화콘텐츠과,디자인과,,제주특별자치도교육청,12
R1620,제주특별자치도 / 교육청,영주고등학교,모바일콘텐츠과,정보컴퓨터과,방송·통신과,,제주특별자치도교육청,13
R1621,제주특별자치도 / 교육청,제주고등학교,관광그린자원과,농업과,원예과,,제주특별자치도교육청,14
R1622,제주특별자치도 / 교육청,제주고등학교,관광경영과,관광·레저과,조리·식음료과,,제주특별자치도교육청,15
R1623,제주특별자치도 / 교육청,제주고등학교,관광외국어과,관광·레저과,경영·사무과,,제주특별자치도교육청,16
R1624,제주특별자치도 / 교육청,제주고등학교,관광조리과,조리·식음료과,식품가공과,,제주특별자치도교육청,17
R1625,제주특별자치도 / 교육청,제주여자상업고등학교,회계금융과,금융과,재무·회계과,,제주특별자치도교육청,18
R1626,제주특별자치도 / 교육청,제주여자상업고등학교,글로벌유통과,유통과,경영·사무과,,제주특별자치도교육청,19
R1627,제주특별자치도 / 교육청,제주여자상업고등학교,경영사무과,경영·사무과,재무·회계과,,제주특별자치도교육청,20
R1628,제주특별자치도 / 교육청,제주중앙고등학교,문화콘텐츠과,경영·사무과,문화콘텐츠과,,제주특별자치도교육청,21
R1629,제주특별자치도 / 교육청,제주중앙고등학교,금융비즈니스과,경영·사무과,재무·회계과,,제주특별자치도교육청,22
R1630,제주특별자치도 / 교육청,중문고등학교,보건간호과,보건간호과,,,제주특별자치도교육청,23
R1631,제주특별자치도 / 교육청,중문고등학교,의료관광과,관광·레저과,조리·식음료과,,제주특별자치도교육청,24
R1632,제주특별자치도 / 교육청,한국뷰티고등학교,토탈뷰티과,미용과,,,제주특별자치도교육청,25
R1633,제주특별자치도 / 교육청,한림항공우주고등학교,기계과,기계과,산업설비과,,제주특별자치도교육청,26
R1634,제주특별자치도 / 교육청,한림항공우주고등학교,토목과,토목과,건축시공과,,제주특별자치도교육청,27
R1635,제주특별자치도 / 교육청,한림항공우주고등학교,건축과,건축시공과,,,제주특별자치도교육청,28
R1636,제주특별자치도 / 교육청,한림항공우주고등학교,전기과,전기과,전자과,,제주특별자치도교육청,29
R1637,제주특별자치도 / 교육청,한림항공우주고등학교,전자과,전자과,방송·통신과,,제주특별자치도교육청,30
R1638,충청남도교육청,강경상업고등학교,경찰사무행정과,경영·사무과,금융과,,충청남도교육청,6
R1639,충청남도교육청,강경상업고등학교,금융정보과,금융과,경영·사무과,,충청남도교육청,7
R1640,충청남도교육청,강경상업고등학교,전산회계정보과,재무·회계과,경영·사무과,,충청남도교육청,8
R1641,충청남도교육청,강경상업고등학교,국방경영과,경영·사무과,금융과,,충청남도교육청,9
R1642,충청남도교육청,공주생명과학고등학교,치유농업과,농업과,원예과,,충청남도교육청,10
R1643,충청남도교육청,공주생명과학고등학교,축산자원개발과,동물자원과,,,충청남도교육청,11
R1644,충청남도교육청,공주생명과학고등학교,식품가공과,식품가공과,조리·식음료과,,충청남도교육청,12
R1645,충청남도교육청,공주생명과학고등학교,산업기계설비과,농업기계과,기계과,,충청남도교육청,13
R1646,충청남도교육청,공주정보고등학교,경영정보과,경영·사무과,재무·회계과,,충청남도교육청,14
R1647,충청남도교육청,공주정보고등학교,소방안전과,산업안전과,화학공업과,,충청남도교육청,15
R1648,충청남도교육청,공주정보고등학교,보건간호과,보건간호과,사회복지과,,충청남도교육청,16
R1649,충청남도교육청,금산산업고등학교,그린바이오과,원예과,식품가공과,,충청남도교육청,17
R1650,충청남도교육청,금산산업고등학교,바이오스마트테크과,전기과,전자과,,충청남도교육청,18
R1651,충청남도교육청,금산산업고등학교,바이오스마트경영과,경영·사무과,재무·회계과,,충청남도교육청,19
R1652,충청남도교육청,금산하이텍고등학교,스마트기계과,기계과,금속재료과,,충청남도교육청,20
R1653,충청남도교육청,금산하이텍고등학교,전기시스템제어과,전기과,전자과,,충청남도교육청,21
R1654,충청남도교육청,금산하이텍고등학교,식품제조공정과,화학공업과,식품가공과,,충청남도교육청,22
R1655,충청남도교육청,국방항공고등학교,항공기계과,항공과,기계과,,충청남도교육청,23
R1656,충청남도교육청,국방항공고등학교,항공전기전자과,전기과,전자과,,충청남도교육청,24
R1657,충청남도교육청,국방항공고등학교,지형공간다지인과,건축시공과,토목과,,충청남도교육청,25
R1658,충청남도교육청,국방항공고등학교,바이오제약과,화학공업과,,,충청남도교육청,26
R1659,충청남도교육청,논산여자상업고등학교,경영정보과,경영·사무과,재무·회계과,,충청남도교육청,27
R1660,충청남도교육청,논산여자상업고등학교,조리과,조리·식음료과,식품가공과,,충청남도교육청,28
R1661,충청남도교육청,논산여자상업고등학교,관광비즈니스과,관광·레저과,경영·사무과,,충청남도교육청,29
R1662,충청남도교육청,논산여자상업고등학교,뷰티미용과,미용과,,,충청남도교육청,30
R1663,충청남도교육청,당진정보고등학교,회계사무과,재무·회계과,경영·사무과,,충청남도교육청,31
R1664,충청남도교육청,당진정보고등학교,유통물류과,유통과,경영·사무과,,충청남도교육청,32
R1665,충청남도교육청,대천여자상업고등학교,금융회계과,금융과,재무·회계과,,충청남도교육청,33
R1666,충청남도교육청,대천여자상업고등학교,경영사무과,경영·사무과,재무·회계과,,충청남도교육청,34
R1667,충청남도교육청,대천여자상업고등학교,유통판매과,유통과,경영·사무과,,충청남도교육청,35
R1668,충청남도교육청,병천고등학교,조리과,조리·식음료과,,,충청남도교육청,36
R1669,충청남도교육청,병천고등학교,미용과,미용과,,,충청남도교육청,37
R1670,충청남도교육청,부여전자고등학교,전기과,전기과,,,충청남도교육청,38
R1671,충청남도교육청,부여전자고등학교,전자과,전자과,,,충청남도교육청,39
R1672,충청남도교육청,부여정보고등학교,경영사무과,경영·사무과,재무·회계과,,충청남도교육청,40
R1673,충청남도교육청,부여정보고등학교,금융회계과,재무·회계과,금융과,,충청남도교육청,41
R1674,충청남도교육청,삽교고등학교,사무행정과,경영·사무과,유통과,,충청남도교육청,42
R1675,충청남도교육청,서산공업고등학교,자동차과,자동차과,기계과,,충청남도교육청,43
R1676,충청남도교육청,서산공업고등학교,정밀기계과,기계과,,,충청남도교육청,44
R1677,충청남도교육청,서산공업고등학교,화학공업과,화학공업과,,,충청남도교육청,45
R1678,충청남도교육청,서산중앙고등학교,생태경관디자인과,조경과,원예과,,충청남도교육청,46
R1679,충청남도교육청,서산중앙고등학교,식품가공과,식품가공과,조리·식음료과,,충청남도교육청,47
R1680,충청남도교육청,서산중앙고등학교,산업설비기계과,농업기계과,기계과,,충청남도교육청,48
R1681,충청남도교육청,한국미래문화고등학교 / (서천여자정보고등학교),뷰티디자인과,미용과,,,충청남도교육청,49
R1682,충청남도교육청,한국미래문화고등학교 / (서천여자정보고등학교),e-shop경영과,경영·사무과,재무·회계과,,충청남도교육청,50
R1683,충청남도교육청,한국미래문화고등학교 / (서천여자정보고등학교),융합미디어과,문화콘텐츠과,디자인과,,충청남도교육청,51
R1684,충청남도교육청,충남관광보건고등학교 / (성환고등학교),관광경영과,관광·레저과,경영·사무과,,충청남도교육청,52
R1685,충청남도교육청,충남관광보건고등학교 / (성환고등학교),보건간호과,보건간호과,,,충청남도교육청,53
R1686,충청남도교육청,예산예화여자고등학교,외식조리과,조리·식음료과,식품가공과,,충청남도교육청,54
R1687,충청남도교육청,예산예화여자고등학교,디지털영상과,문화콘텐츠과,경영·사무과,,충청남도교육청,55
R1688,충청남도교육청,예산예화여자고등학교,e-비즈니스과,재무·회계과,경영·사무과,,충청남도교육청,56
R1689,충청남도교육청,충남반도체마이스터고등학교,정보통신과,방송·통신과,전자과,,충청남도교육청,57
R1690,충청남도교육청,충남반도체마이스터고등학교,전기제어과,전기과,전자과,,충청남도교육청,58
R1691,충청남도교육청,충남반도체마이스터고등학교,디지털전자과,전자과,전기과,,충청남도교육청,59
R1692,충청남도교육청,한올고등학교,국제통상외국어과,경영·사무과,재무·회계과,,충청남도교육청,60
R1693,충청남도교육청,장항공업고등학교,기계과,기계과,냉동공조과,,충청남도교육청,61
R1694,충청남도교육청,장항공업고등학교,전기과,전기과,전자과,,충청남도교육청,62
R1695,충청남도교육청,주산산업고등학교,조경과,조경과,원예과,,충청남도교육청,63
R1696,충청남도교육청,주산산업고등학교,식품제조과,식품가공과,조리·식음료과,,충청남도교육청,64
R1697,충청남도교육청,주산산업고등학교,자동차기계과,기계과,자동차과,,충청남도교육청,65
R1698,충청남도교육청,주산산업고등학교,건설시스템과,토목과,건축시공과,,충청남도교육청,66
R1699,충청남도교육청,천안공업고등학교,도시공간건설과,토목과,,,충청남도교육청,67
R1700,충청남도교육청,천안공업고등학교,건축디자인학과,건축시공과,,,충청남도교육청,68
R1701,충청남도교육청,천안공업고등학교,기계과,기계과,,,충청남도교육청,69
R1702,충청남도교육청,천안공업고등학교,전기과,전기과,,,충청남도교육청,70
R1703,충청남도교육청,천안공업고등학교,화학공업과,화학공업과,,,충청남도교육청,71
R1704,충청남도교육청,천안공업고등학교,메카트로닉스과,기계과,전기과,,충청남도교육청,72
R1705,충청남도교육청,천안상업고등학교,스마트경영과,경영·사무과,유통과,,충청남도교육청,73
R1706,충청남도교육청,천안상업고등학교,소프트웨어개발과,정보컴퓨터과,,,충청남도교육청,74
R1707,충청남도교육청,천안상업고등학교,광고미디어디자인과,디자인과,문화콘텐츠과,,충청남도교육청,75
R1708,충청남도교육청,천안상업고등학교,사무회계과,경영·사무과,재무·회계과,,충청남도교육청,76
R1709,충청남도교육청,천안여자상업고등학교,금융정보과,경영·사무과,금융과,,충청남도교육청,77
R1710,충청남도교육청,천안여자상업고등학교,비즈니스정보과,경영·사무과,재무·회계과,,충청남도교육청,78
R1711,충청남도교육청,천안여자상업고등학교,국제통상과,경영·사무과,유통과,,충청남도교육청,79
R1712,충청남도교육청,천안제일고등학교,반려동물과,동물자원과,농업과,,충청남도교육청,80
R1713,충청남도교육청,천안제일고등학교,스마트팜과,농업과,농업기계과,,충청남도교육청,81
R1714,충청남도교육청,천안제일고등학교,바이오식품과,식품가공과,화학공업과,,충청남도교육청,82
R1715,충청남도교육청,청양고등학교,비즈니스과,경영·사무과,유통과,,충청남도교육청,83
R1716,충청남도교육청,청양고등학교,바이오식품과,식품가공과,원예과,,충청남도교육청,84
R1717,충청남도교육청,충남드론항공고등학교,드론테크과,항공과,토목과,,충청남도교육청,85
R1718,충청남도교육청,충남드론항공고등학교,드론비즈과,항공과,토목과,,충청남도교육청,86
R1719,충청남도교육청,한국국제비즈니스고등학교 / (충남인터넷고등학교),SNS마케팅과,판매과,,,충청남도교육청,87
R1720,충청남도교육청,한국국제비즈니스고등학교 / (충남인터넷고등학교),글로벌비즈니스과,경영·사무과,,,충청남도교육청,88
R1721,충청남도교육청,충남해양과학고등학교,해양생산과,해양생산과,항해과,,충청남도교육청,89
R1722,충청남도교육청,충남해양과학고등학교,동력기계과,기관과,,,충청남도교육청,90
R1723,충청남도교육청,충남해양과학고등학교,자영수산과,수산양식과,,,충청남도교육청,91
R1724,충청남도교육청,충남해양과학고등학교,냉동공조과,냉동공조과,,,충청남도교육청,92
R1725,충청남도교육청,태안여자고등학교,정보처리과,경영·사무과,재무·회계과,,충청남도교육청,93
R1726,충청남도교육청,한국K-POP고등학교,K-POP공연예술과,문화콘텐츠과,,,충청남도교육청,94
R1727,충청남도교육청,홍성공업고등학교,기계과,기계과,,,충청남도교육청,95
R1728,충청남도교육청,홍성공업고등학교,전기과,전기과,,,충청남도교육청,96
R1729,충청북도교육청,대성여자상업고등학교,사무경영정보과,경영･사무과,재무･회계과,,충청북도교육청,6
R1730,충청북도교육청,대성여자상업고등학교,회계정보과,경영･사무과,재무･회계과,,충청북도교육청,7
R1731,충청북도교육청,대성여자상업고등학교,금융정보과,경영･사무과,금융과,,충청북도교육청,8
R1732,충청북도교육청,영동미래고등학교,금융회계과,경영·사무과,재무·회계과,,충청북도교육청,9
R1733,충청북도교육청,영동미래고등학교,창업경영과,경영·사무과,재무·회계과,,충청북도교육청,10
R1734,충청북도교육청,영동미래고등학교,유통경영과,경영·사무과,유통과,,충청북도교육청,11
R1735,충청북도교육청,영동미래고등학교,보건간호과,보건간호과,사회복지과,,충청북도교육청,12
R1736,충청북도교육청,영동산업과학고등학교,바이오식품과,식품가공과,,,충청북도교육청,13
R1737,충청북도교육청,영동산업과학고등학교,골프과,조경과,,,충청북도교육청,14
R1738,충청북도교육청,영동산업과학고등학교,융합기계과,기계과,,,충청북도교육청,15
R1739,충청북도교육청,제천디지털전자고등학교,전기전자과,전기과,전자과,,충청북도교육청,16
R1740,충청북도교육청,제천디지털전자고등학교,IT전자과,전자과,전기과,,충청북도교육청,17
R1741,충청북도교육청,제천디지털전자고등학교,보건간호과,보건간호과,,,충청북도교육청,18
R1742,충청북도교육청,제천산업고등학교,기계과,기계과,,,충청북도교육청,19
R1743,충청북도교육청,제천산업고등학교,전기제어과,전기과,,,충청북도교육청,20
R1744,충청북도교육청,제천산업고등학교,뷰티미용과,미용과,,,충청북도교육청,21
R1745,충청북도교육청,제천상업고등학교,금융세무과,금융과,경영·사무과,,충청북도교육청,22
R1746,충청북도교육청,제천상업고등학교,사무행정과,경영·사무과,재무·회계과,,충청북도교육청,23
R1747,충청북도교육청,제천상업고등학교,스포츠경영과,경영·사무과,재무·회계과,,충청북도교육청,24
R1748,충청북도교육청,증평공업고등학교,도시공간건설과,토목과,,,충청북도교육청,25
R1749,충청북도교육청,증평공업고등학교,건축인테리어과,건축시공과,,,충청북도교육청,26
R1750,충청북도교육청,증평공업고등학교,디자인과,디자인과,공예과,,충청북도교육청,27
R1751,충청북도교육청,증평공업고등학교,컴퓨터전자과,전자과,전기과,,충청북도교육청,28
R1752,충청북도교육청,진천상업고등학교,창업경영과,경영·사무과,판매과,,충청북도교육청,29
R1753,충청북도교육청,진천상업고등학교,사무행정과,경영·사무과,재무·회계과,,충청북도교육청,30
R1754,충청북도교육청,청주IT과학고등학교,스마트소프트웨어과,정보컴퓨터과,,,충청북도교육청,31
R1755,충청북도교육청,청주IT과학고등학교,인공지능프로그래밍과,정보컴퓨터과,,,충청북도교육청,32
R1756,충청북도교육청,청주IT과학고등학교,컴퓨터디자인과,디자인과,문화콘텐츠과,,충청북도교육청,33
R1757,충청북도교육청,청주공업고등학교,정밀기계과,기계과,자동차과,,충청북도교육청,34
R1758,충청북도교육청,청주공업고등학교,기계설계과,기계과,디자인과,,충청북도교육청,35
R1759,충청북도교육청,청주공업고등학교,항공모빌리티과,항공과,기계과,,충청북도교육청,36
R1760,충청북도교육청,청주공업고등학교,융합설비과,기계과,산업설비과,,충청북도교육청,37
R1761,충청북도교육청,청주공업고등학교,화학공업과,화학공업과,,,충청북도교육청,38
R1762,충청북도교육청,청주공업고등학교,전기제어과,전기과,전자과,,충청북도교육청,39
R1763,충청북도교육청,청주공업고등학교,반도체전자과,전자과,전기과,,충청북도교육청,40
R1764,충청북도교육청,청주농업고등학교,도시농업과,농업과,원예과,,충청북도교육청,41
R1765,충청북도교육청,청주농업고등학교,생활원예과,원예과,농업과,,충청북도교육청,42
R1766,충청북도교육청,청주농업고등학교,산림환경자원과,산림자원과,농업과,,충청북도교육청,43
R1767,충청북도교육청,청주농업고등학교,조경과,조경과,농업과,,충청북도교육청,44
R1768,충청북도교육청,청주농업고등학교,농업토목과,농업토목과,토목과,,충청북도교육청,45
R1769,충청북도교육청,청주농업고등학교,동물자원과,동물자원과,농업과,,충청북도교육청,46
R1770,충청북도교육청,청주농업고등학교,반려동물과,동물자원과,농업과,,충청북도교육청,47
R1771,충청북도교육청,청주농업고등학교,식품가공과,식품가공과,조리·식음료과,,충청북도교육청,48
R1772,충청북도교육청,청주농업고등학교,바이오산업과,농업과,화학공업과,,충청북도교육청,49
R1773,충청북도교육청,청주여자상업고등학교,경영회계과,경영·사무과,재무·회계과,,충청북도교육청,50
R1774,충청북도교육청,청주여자상업고등학교,금융정보과,경영·사무과,금융과,,충청북도교육청,51
R1775,충청북도교육청,청주하이텍고등학교,정밀기계과,기계과,전기과,,충청북도교육청,52
R1776,충청북도교육청,청주하이텍고등학교,자동화시스템과,기계과,전기과,,충청북도교육청,53
R1777,충청북도교육청,청주하이텍고등학교,전기전자과,전기과,전자과,,충청북도교육청,54
R1778,충청북도교육청,충북공업고등학교,생산자동화설비과,기계과,전기과,,충청북도교육청,55
R1779,충청북도교육청,충북공업고등학교,금형과,기계과,금속재료과,,충청북도교육청,56
R1780,충청북도교육청,충북공업고등학교,정밀기계과,기계과,자동차과,,충청북도교육청,57
R1781,충청북도교육청,충북공업고등학교,전기전자과,전기과,전자과,,충청북도교육청,58
R1782,충청북도교육청,충북비즈니스고등학교,금융회계과,금융과,재무·회계과,,충청북도교육청,59
R1783,충청북도교육청,충북비즈니스고등학교,유통마케팅과,유통과,판매과,,충청북도교육청,60
R1784,충청북도교육청,충북비즈니스고등학교,미디어콘텐츠과,문화콘텐츠과,,,충청북도교육청,61
R1785,충청북도교육청,충북비즈니스고등학교,조리과학과,조리·식음료과,,,충청북도교육청,62
R1786,충청북도교육청,충북비즈니스고등학교,뷰티미용과,미용과,,,충청북도교육청,63
R1787,충청북도교육청,충북산업과학고등학교,금융회계과,경영·사무과,재무·회계과,,충청북도교육청,64
R1788,충청북도교육청,충북산업과학고등학교,의료전자과,전기과,전자과,,충청북도교육청,65
R1789,충청북도교육청,충북상업정보고등학교,창업경영과,경영·사무과,재무·회계과,,충청북도교육청,66
R1790,충청북도교육청,충북상업정보고등학교,항공물류서비스과,경영·사무과,유통과,,충청북도교육청,67
R1791,충청북도교육청,충북상업정보고등학교,사무행정과,경영·사무과,재무·회계과,,충청북도교육청,68
R1792,충청북도교육청,충북생명산업고등학교,채소경영과,원예과,농업과,,충청북도교육청,69
R1793,충청북도교육청,충북생명산업고등학교,과수경영과,원예과,농업과,,충청북도교육청,70
R1794,충청북도교육청,충북생명산업고등학교,화훼경영과,원예과,농업과,,충청북도교육청,71
R1795,충청북도교육청,충북생명산업고등학교,특용원예과,원예과,농업과,,충청북도교육청,72
R1796,충청북도교육청,충북생명산업고등학교,스마트농업경영과,원예과,농업과,,충청북도교육청,73
R1797,충청북도교육청,충주공업고등학교,토목시스템과,토목과,,,충청북도교육청,74
R1798,충청북도교육청,충주공업고등학교,건축디자인과,건축시공과,,,충청북도교육청,75
R1799,충청북도교육청,충주공업고등학교,전기전자과,전자과,전기과,,충청북도교육청,76
R1800,충청북도교육청,충주공업고등학교,자동화기계과,기계과,,,충청북도교육청,77
R1801,충청북도교육청,충주상업고등학교,경영회계과,재무·회계과,경영·사무과,,충청북도교육청,78
R1802,충청북도교육청,충주상업고등학교,경영관리과,경영·사무과,재무·회계과,,충청북도교육청,79
R1803,충청북도교육청,충주상업고등학교,스마트IT과,정보컴퓨터과,문화콘텐츠과,,충청북도교육청,80
R1804,충청북도교육청,충주상업고등학교,관광레저과,관광·레저과,조리·식음료과,,충청북도교육청,81
R1805,충청북도교육청,충주상업고등학교,외식조리과,조리·식음료과,식품가공과,,충청북도교육청,82
R1806,충청북도교육청,한국호텔관광고등학교,관광비즈니스과,관광·레저과,,,충청북도교육청,83
R1807,충청북도교육청,한국호텔관광고등학교,호텔외식조리과,조리·식음료과,,,충청북도교육청,84
R1808,충청북도교육청,한림디자인고등학교,경영회계과,경영·사무과,재무·회계과,,충청북도교육청,85
R1809,충청북도교육청,한림디자인고등학교,시각디자인과,디자인과,문화콘텐츠과,,충청북도교육청,86
R1810,충청북도교육청,한림디자인고등학교,조형디자인과,디자인과,문화콘텐츠과,,충청북도교육청,87
R1811,충청북도교육청,한림디자인고등학교,패션디자인과,의류과,섬유과,,충청북도교육청,88
R1812,충청북도교육청,한림디자인고등학교,뷰티디자인과,미용과,,,충청북도교육청,89
